id,type,text1,text2,text3,text4,text5,notes
lightmg,WEAPON,"古代の低コストで入手しやすい連射武器の一種で、宇宙戦闘の歴史の中で短距離でミサイルや戦闘機に対して効果的に使用されてきました。適切に装甲された目標に対してはほとんど無力です。

製造と改造が容易なため、数百のバリエーションが存在します。化学的に推進された不活性弾を連射するこれらの武器は、粗悪なオートフォージでも簡単に生産でき、特定の口径以下のものは軽量艦載機関銃として分類されます。これらの武器の動作を駆動するメカニズムは大きく異なります。

低コストのため、小型の民間船に人気があります。弾の密なコアは、給弾作動と貫通を助けるために、しばしば硬い金属で被覆されています。これらの武器システムは、原始的な設計にもかかわらず、近距離で驚くほど大量の運動エネルギーを発揮します。",,,,,
lightdualmg,WEAPON,"名高い軽機関銃のアップグレード版で、ツインバレル仕様です。装甲の厚い目標に対しては特に効果的ではありませんが、人類の宇宙戦闘の黎明以来、対ミサイルおよび対戦闘機の役割で優れた性能を発揮しています。

これは、セクター内のすべてのパイロットと武器職人に知られている同じ高速発射、惰性、低口径の化学弾薬を使用したデュアルマウントです。ミサイル迎撃および対戦闘機の役割で優れたポイントディフェンスマウントです。

敵艦のシールドシステムに近距離で伝達される大量の運動エネルギーは、通常、エミッターのオーバーロードを引き起こします。これは経験の浅い艦長によってしばしば見落とされる戦術的選択肢です。",,,,,
lightmortar,WEAPON,"古風な武器で、低い発射速度、銃口速度、射程で対装甲弾を発射します。低いフラックス蓄積が唯一の救いです。

ライトモーターの武器設計図は宇宙船用に作られたものではありませんが、巧妙な改造により、気圧環境外での取り付けと使用が可能になっています。戦闘では、ライトモーターはひどいマウント回転と発射速度のため、素早く動くターゲットやシールドを持つターゲットに対して効果が薄いです。それにもかかわらず、初心者の砲術士官が宇宙弾道戦術や用語の細かい点を学ぶためにしばしば使用されます。

低い質量とコストのため、プライベートヨットや単独の惑星間車両に一般的に装備されています。",,,,,
heavymortar,WEAPON,"古い武器で、より小型の武器よりもやや高い発射速度で大きな対装甲弾を発射します。弾速は遅く、有効射程も短いです。低いフラックスの蓄積が唯一の救いです。

ヘビーモルタは元々、惑星表面での戦闘用に設計されました。軍事要塞を破壊するために意図されていたようですが、都市の爆撃での使用がはるかに多かったです。頑丈な内部機構により、大気環境外での設置と使用が可能で、わずかな調整、特に自動距離計/ターゲティングモジュールの交換が必要です。大きく、シールドのない、遅い動きのターゲットに対して使用されると、ヘビーモルタは非常に効果的です。",,,,,
vulcan,WEAPON,"近距離でミサイルや戦闘機に特に壊滅的な影響を与える高速弾道ポイントディフェンス武器システムです。長時間の連射中に精度が急激に低下します。

この多銃身武器プラットフォームは、ヘゲモニー認可のナノフォージによって最も一般的に製造される高度なタイミング機構を中心に構築されています。弾丸は通常、 depleted uranium（劣化ウラン）で先端が加工されており、爆発性はありません。複数の銃身により、非常に高い発射速度を実現しますが、高いフラックスコストがかかります。",,,,,
lightac,WEAPON,"軽量シャーシにしては良好な射程を持つ小口径のオートキャノンです。敵のシールドに対抗するために設計されており、特に小型船体で使用される弱い発電機に対して効果的です。

高速度の運動エネルギー弾を特徴としており、小型艦艇に対する優れた火力支援武器を提供します。複雑なオートローダーと液体冷却のためにマウントの旋回速度が悪く、軽量オートキャノンは戦闘機やミサイルに対する防御には不向きです。",,,,,
lightdualac,WEAPON,"ライトオートキャノンのダブルバレルバージョンです。近距離支援に優れ、シールドを破るのにも非常に効果的ですが、高い反動のため有効射程が短くなっています。

巧妙な機械設計により、標準のライトオートキャノンシャーシの2倍の発射済み薬莢を排出しながら、排出ポートが詰まるのを防ぎます。シングルバレルバージョンと同様に、この武器システムは敵のシールドを貫通するように設計された高速弾を発射します。オートローダーと液体冷却システムは、シングルバレルバージョンと同一です。",,,,,
lightag,WEAPON,"近距離戦闘用に設計された小口径砲で、装甲に対して優れた効果を発揮し、素晴らしい発射速度を持っています。

高爆発弾を発射するために設計された小口径砲です。冷却システムとオートローダーの設計は、安全性を重視し、高いフラックスレベルによって引き起こされる可能性のあるクックオフを防ぐことに重点を置いています。証明したいことのある駆逐艦の艦長に好まれています。",,,,,
fragbomb,WEAPON,"発射機の運動量を保持したまま、自由に浮遊するボンブレットのクラスターを放出します。ボンブレットには近接信管が装備されています。

フラグ爆弾プロジェクターは、3つのチューブからマークVI破片ボンブレットを発射します。誘導なしで推進システムもないボンブレットは、友軍・敵軍のターゲティングシステムに依存しています。膨大な数により、広範囲の空間をカバーし、その場所にポイントディフェンスバリアを効果的に作成しますが、限られた時間しか持続しません。近接信管が敵機によってトリガーされると、ボンブレットは爆発し、フラック兵器と同様の効果を達成します。",,,,,
clusterbomb,WEAPON,"自由に浮遊する高威力の爆弾を放出します。シールドのない遅いターゲットに対してより効果的です。

クラスター爆弾発射器は、数十発のマークII爆発形成貫通弾を発射するために設計された3つのチューブを備えています。爆弾は誘導されておらず、推進システムもなく、攻撃機の初期の運動量に依存してターゲットに接触します。友軍と敵を識別するためのスキャナーが装備されており、適切なターゲットに衝突したときのみ爆発します。成形炸薬はシールドのないターゲットに対して非常に効果的です。この武器システムによって展開可能な爆弾の数は驚異的であり、そのためクラスター爆弾は有用なエリア拒否武器となります。",,,,,
bomb,WEAPON,"試行済みの武器システムである爆弾ベイは、発射機の速度に依存して目標に到達する複数の弾頭を保持しています。

各爆弾ベイには、1つずつ発射できる非誘導の高爆発性Comp-X爆弾がいくつか装備されています。爆弾には推進システムがなく、発射機の速度に依存して目標に運ばれます（すなわち、ダイブボム）。設計に内在する大気シールドにより、敵のポイントディフェンス環境においても爆弾の生存時間が長くなります。",,,,,
lightneedler,WEAPON,"小さなフレシェットを高い発射速度で連続して発射します。発射量はシールドプロジェクターをすぐに圧倒することができますが、装甲に対しては一般的に効果がありません。

ライトニードラーは、無薬莢弾薬を発射するために設計された小口径のフレシェットガンです。毎秒数百の「ニードル」を供給できる印象的な給弾システムを備えています。排出システムは必要なく、節約されたスペースは追加の冷却ユニットを提供するために使用され、発射速度が大幅に向上します。

ドメイン海軍の教義では、この武器は敵のシールドに対して長距離で使用されるべきとされていますが、緊急時には砲撃士官が敵の戦闘機ウィングや長距離ミサイルの脅威に対してニードラーを向けることがあります。",,,,,
railgun,WEAPON,"オートキャノンのハイテク改良版であるレールガンは、正確な中距離の弾丸を発射します。ACと同様に、敵のシールドジェネレーターを圧倒するのに優れています。

ガウスキャノンの小型版であるレールガンは、強力な磁場を利用して高速度で弾薬を発射します。精度と射程は優れており、発射していないときでも砲塔は素早く回転できます。

レールガンは、十分なフラックス容量を持つ砲撃士官に好まれています。",,,,,
shredder,WEAPON,"操作の容易さと信頼性を考慮して設計された回転式キャノンです。一方、ペルシアンセクターのプロフェッショナルな海軍の武器士官たちは、メンテナンスが不十分な習慣を助長するためにサンダーを呪っています。

小さな弾薬を持つ中速の破片弾によって、敵のミサイルや戦闘機を粉砕します。フラックス効率は高いものの、この武器システムは装甲やシールドに対してはほとんど効果がありません。",,,,,
flak,WEAPON,"戦闘機やミサイルに対して最大の効果を発揮するために近接信管を装備した破片弾を発射する防御武器システムです。

特にストライク役割において、小型で安価な戦闘機の重要性が高まったため、崩壊前の華やかな時代にこの武器システムが広く展開されました。近接信管を装備した弾道弾を発射します。その結果、爆発は標準的なターゲットに対して尊敬すべき殺傷半径を持つ広範囲にフレシェットを放出します。新しいモデルには、Mark VI予測器にハードワイヤードされた火器管制システムが搭載されています。",,,,,
heavymg,WEAPON,"普及している連射式機関銃のカテゴリーの大きな従兄弟であるヘビーマシンガンは、小型および中型のターゲットに対して効果的です。

この武器システムは、セクター全体のパトロール艦の作業馬であり、古代地球の時代にさかのぼるとされる信頼性の高いブローバック発射機構を備えています。安全機能には、オープンボルトクリアリングのためのポジティブクックオフ安全装置と二重ラム防止が含まれています。この武器は、長時間の連射中に反動を吸収するために、比較的大きなベースに取り付けられています。口径は中程度の範囲で変化し、弾薬は標準的な鍛冶場で簡単に製造できます。

重い弾薬は軽い弾薬のように衝撃で粉砕されず、フリゲート級の艦船に対して信頼できる脅威をもたらします。非常に正確ですが、バルカンキャノンよりも発射速度は遅いです。ポイントディフェンスの役割に優れています。",,,,,
arbalest,WEAPON,"そのサイズに対して高い一発あたりのダメージを持つ古風な武器設計です。運動エネルギー弾は特に敵のシールドに対して効果的です。

崩壊時の重巡洋艦は主にアーバレストMk I武器プラットフォームを装備しており、これがアーバレストがセクターで最も回収された艦船武器システムの1つとされる理由かもしれません。原始的な冷却システムと自動排出装置の欠如は、発射速度と信頼性を妨げます。

唯一の救いは、敵のシールドを破壊するのに効果的なアーバレスト弾の設計図が広く存在することです。弾薬の効果はよく理解されておらず、弾薬ジャケットの意図しない電磁特性に起因していると考えられています。",,,,,
dualflak,WEAPON,"フラックキャノンのアップグレードされた非常に効果的なデュアルマウントです。「ウィドウメーカー」というニックネームは、敵の戦闘機を引き裂く能力に由来します。

標準的なフラックキャノンと同様に、この武器は小型の戦闘機やミサイルターゲットを壊滅させますが、2つの近接信管付き弾薬を発射します。形状分散により二重爆発が保証され、より高い殺傷半径が得られます。明らかな理由から、デュアルフラックを装備した艦船に対して意図的に戦闘機が発進されることはほとんどありません。優れた発射速度と砲塔の回転速度を誇ります。",,,,,
chaingun,WEAPON,"GA-XインダストリーズMk. IIチェインガンは、近距離戦闘において優れた性能を発揮し、精度よりも全体的なダメージと発射量が重要です。

「近接戦闘」キャプテンのお気に入りのツールであるアサルトチェインガンは、高爆発性の成形炸薬弾を恐ろしい速度で目標に届けます。電動給弾および排出システム、そしてバレルに内蔵された先進的なナノ冷却ユニットを備えています。

唯一の欠点は、重い砲塔プロファイルであり、付随するガバナーブループリントがないため、通常は互換性のない回転装置に取り付けられ、予期しない低い砲塔回転速度を引き起こします。",,,,,
heavymauler,WEAPON,"装甲プレートを貫通するために設計された高度な武器システムです。持続的な発射速度は低いですが、一発あたりのダメージは高いです。

ヘビーマウラーは、中距離から長距離のターゲットに対して攻撃するために設計された残忍な武器です。この武器の中心には、ナノ冷却システムと外部排出ポートを備えたオートキャノンがあります。しかし、通常のオートキャノンとは異なり、ヘビーマウラーは標準的な宇宙船燃料の微量で供給される反物質バレルチャージャーによって特徴付けられています。

発射室を離れると、各弾薬のオジーブは反陽子の場で充電され、弾薬の前方10〜20ナノメートルに浮遊し、バリオンコーティングによって安定化されます。ターゲットに衝突すると、この反陽子の「シース」は構造的完全性を失い、その結果の反応がさらなるダメージを引き起こします。弾薬がすでにターゲットに対して印象的な破壊力を提供することを考えると、組み合わさった反応はヘビーマウラーを装甲ターゲットに対して特に効果的にします。",,,,,
heavyac,WEAPON,"中距離で標準化された弾薬を発射する三連装砲です。敵のシールドに対して最も効果的です。

中口径の三連装自動砲で、通常は中口径の弾薬を使用します。電気点火式の発射信管により、正確な発射回数が保証されます。優れた火力支援兵器で、通常は駆逐艦や巡洋艦クラスの艦に装備されます。適切な発射ソリューションを持つ重自動砲のバッテリーは、主力艦に対して深刻な脅威をもたらす可能性があります。

複雑なオートローダーと冷却システムを収容するために必要な追加の質量は、非常に悪い旋回率をもたらします。",,,,,
hveldriver,WEAPON,"敵のシステムを遠くからオーバーロードし、無効化するために設計された特殊な武器です。高速度のデュラニウム弾はシールドに対しても効果的です。

ハイパーヴェロシティドライバーは、磁化された鉄コバルトコアを持つデュラニウム弾を非常に高い速度に加速するために2段階のプロセスを使用します。化学薬品が最初に弾を加速し、その後磁気コイルが引き継ぎ、さらに弾を加速し、その飛行を安定させます。弾が目標に到達する頃には高い電荷を持ち、衝突した艦に対してかなりの量の電磁干渉を生成します。",,,,,
heavyneedler,WEAPON,"より重いベースを持つライトニードラーのデュアルマウントで、この高度な武器システムはシールドプロジェクターを迅速に圧倒することができます。

ヘビーニードラーは、小型のフレシェット弾を発射する高度な武器です。ライトニードラーの改良版で、より良い給弾および冷却システムを備えており、さらに高い発射速度を実現しています。弾薬はライトバージョンと同じで、薬莢なしのタングステンジャケットフレシェットです。",,,,,
gauss,WEAPON,"ターゲットのシールドをオーバーロードするために設計された長距離武器です。発射される重い運動エネルギー弾は、最も重い装甲を除いてすべてに対して効果的です。

磁気コイルを使用して、大きな超密度複合弾を相対論的速度まで加速します。通常は数百ギガアンペアの範囲で評価され、1テラアンペアを超えることはほとんどありません。そして、ほとんどの弾道兵器とは異なり、発射時には非常に高いフラックス負荷があります。このシステムを搭載した砲塔は、非常に低い旋回速度を持っています。

非常に効果的な武器ですが、通常は大きな弾道兵器マウントを備えた艦船の低い反応炉出力によってその有用性が制限されます。",,,,,
hephag,WEAPON,"良好な運用範囲を持つ大型弾道砲システムで、その高爆発性成形炸薬弾は重装甲を引き裂くように設計されています。生のダメージ出力は、より弱いシールドエミッターを圧倒するのにも役立ちます。

ヘファイストスアサルトガンは、ナノフォージの遠い前身に関連する古代地球の神にちなんで名付けられた、真に壊滅的な武器プラットフォームです。典型的なシャーシは、装甲を破壊する弾を高い発射速度で発射する2つのL/89バレルを備えています。電磁エジェクター、動力供給システム、ナノ冷却材により、武器はフラックスポールによってのみ制限される長時間の発射が可能です。

ヘゲモニーの士官の間には、ヘファイストスの反動のドン・ドンという音を「ヘゲモニー海軍の心臓の鼓動」と表現する伝統があり、乗組員は「ウーラ！」と元気よく応じます。類似のテーマの飲みゲームが港側のバーで行われ、踏み鳴らしや不可避の破損した飲み物の容器により、経営者を悩ませています。",,,,,
mark9,WEAPON,"シールドに対して最も効果的に使用される威圧的な中距離自動砲で、Mark IXは無装甲の船体を完全に破壊するのにも優れています。2つのバレル設計と独自のダブルローダーシステムにより、大量の重口径弾の発射が可能です。

Mark IXの設計図は、ペネロペの星の重力井に捕らえられた漂流する廃船の中で、ペルセアンセクターによって再発見されました。資格のない評価者によるファイルの急いだ調査の後、歴史的な報告はMark IXがその時代に好まれた重装甲艦に対する性能が悪いために時代遅れと見なされ、設計図はオークションにかけられ、小さな傭兵組織であるタクティスタに購入され、忘れ去られました。数サイクル後、武器試験のためのプロトタイプを最終的に構築するために十分な余剰資本が見つかりました。Mark IXは一般的に特に優れたものではなく、装甲目標に対して過度に大きく平凡と見なされました。それでも、生のダメージ出力は印象的で、二次試験ではシールド目標に対して壊滅的な効果を示しました。

その後、Mark IXは長く秘密のままではありませんでした。タクティスタコンバインは、ペルセアンセクター全体で製造権を利益を上げて販売し、すぐにその重い親会社から再購入しました。",,,,,
mjolnir,WEAPON,"優れたダメージを提供し、重要なEMPペイロードを伴う洗練された中距離砲システムです。

ミョルニルは、伝統的に理解される砲ではなく、技術的には磁気重力プロジェクターです。各弾薬には少量のエキゾチックな凝縮物質と孤立したミクロシンギュラリティが含まれており、衝撃時に破壊的に結合し、一時的な重力レンズを通じてエネルギーをチャネルします。局所的な効果は通常の物質の壊滅をもたらし、目標艦内の武器やシステムを無効化する強力な電磁パルス（EMP）を放出します。",,,,,
multineedler,WEAPON,"ほとんどのシールドプロジェクターを簡単に圧倒する運動エネルギー弾の降り注ぎを発射します。

ストームニードラーは、薬莢なしの小口径フレシェット弾を発射する大型弾道兵器システムです。中型冷却システムの実用的な限界に達したため、薬莢なしの弾薬の設計者は、ストームニードラーの高度なナノ冷却リサイクラー、バレルごとの磁気ライフリング、自動操作を使用してより大きな武器への道を切り開きました。インテリジェントオートローダーは、マガジンからちょうど適切な量の弾薬をアンパックして装填し、ホスト艦が十分なフラックス容量を持っている限り、長時間の運用を可能にします。",,,,,
hellbore,WEAPON,"遅いプラズマ充填弾を発射する巨大な砲です。弾は装甲に対して非常に効果的で、下に残された船体構造を完全に破壊します。

製造が非常に複雑であるため、巨大な高爆発性成形炸薬弾を安全に発射できるバレルを製造することが難しいため、めったに展開されない恐れられた武器プラットフォームです。このような弾が目標に衝突すると、ノイマン効果により弾頭が溶融金属のジェットを目標の装甲に押し出し、小さな領域を蒸発させ、船体の破損、減圧、スパルによる広範な内部損傷を引き起こします。",,,,,
reaper,WEAPON,"強力なオンボードエンジンを搭載した、壊滅的な威力を持つ単一の誘導されていない魚雷です。

典型的なストライク兵器である単一のリーパー魚雷は、強化されたAM触媒核弾頭のための大型自走式装甲無誘導配達システムです。驚くほどコンパクトな起爆装置の背後にある科学は、セクター内ではあまり理解されていませんが、ドメイン当局によって秘密と分類されている物理学に基づいていると広く推測されています。知られていることは、これらのうちの3つまたは4つがPDアークをすり抜けるだけで、最大の主力艦を破壊するのに十分であるということです。",,,,,
atropos,WEAPON,"高度な誘導魚雷のラックです。ペイロードは通常よりも小さく、先進的な誘導パッケージと操縦システムの反応質量のためのスペースを確保しています。

アトロポス魚雷は、射程が延長された大型の誘導魚雷です。各ラックには、別々に発射可能な2つの魚雷が搭載されており、ストライク艦長に最大の柔軟性を提供します。魚雷弾頭に通常使用されるAM触媒核弾頭は、起爆装置からのバリオン干渉が誘導システムを妨害するため、ここでは欠落しています。代わりに、より小型でありながら依然として強力な化学弾頭が使用されています。",,,,,
atropos_single,WEAPON,"単体の高度な誘導魚雷です。ペイロードは通常よりも小さく、先進的な誘導パッケージと操縦システムの反応質量のためのスペースを確保しています。

アトロポス魚雷は、射程が延長された大型の誘導魚雷です。魚雷弾頭に通常使用されるAM触媒核弾頭は、起爆装置からのバリオン干渉が誘導システムを妨害するため、ここでは欠落しています。代わりに、より小型でありながら依然として強力な化学弾頭が使用されています。

このマウントには、単体の魚雷のみが搭載されています。",,,,,
swarmer,WEAPON,"短距離の誘導ミサイルランチャーです。ミサイルは機敏なターゲットを迎撃するために設計されており、主にフリゲートや戦闘機などの小型艦艇に対して効果的です。

小型ミサイルのバーストを発射します。シンプルな赤外線システムが効果的な追尾を提供し、化学マイクロスラスターが卓越した操縦性を提供します。数世代にわたる実世界の応用で磨かれた進化的なターゲティングアルゴリズムにより、ミサイルはターゲットをリードすることができ、ほとんど外すことはなく、回避が非常に困難です。",,,,,
swarmer_fighter,WEAPON,短距離の誘導ミサイルランチャーです。ミサイルは敵の戦闘機を迎撃して破壊するために設計されています。,,,,,
annihilator,WEAPON,"広い弧をカバーする無誘導ロケットの散布を発射します。通常、シールドがダウンした後に敵の装甲を剥がすために使用されます。

中距離から長距離のロケットが小型ポッドから発射され、狭い散布で5発のミサイルを1回のサルボで発射し、命中率を向上させます。ロケットは小型で無誘導であり、余分なスペースはより大きな弾頭と改良された推進システム、さらに厚い装甲に使われています。

複数のロケットで命中する可能性が高いため、大型ターゲットに対して効果的です。ロケット攻撃は、魚雷攻撃の前にポイントディフェンスシステムの効果を減少させるためのスクリーンとしてよく使用されます。サルボの後は数秒間のリロードが必要です。",,,,,
annihilator_fighter,WEAPON,無誘導ロケットのサルボを発射します。通常、シールドがダウンした後に敵の装甲を剥がすために使用されます。,,,,,
annihilatorpod,WEAPON,"無誘導ロケットの流れを発射します。敵の装甲に対処するのに役立ち、またフラックスコストがないため持続的な圧力をかけることができます。

小型ランチャーに見られる中距離から長距離のロケットと同じものを特徴としています。ロケットは無誘導であり、余分なスペースはより大きな弾頭と改良された推進システム、さらに厚い装甲に使われています。

複数のロケットで命中する可能性が高いため、大型ターゲットに対して効果的です。ロケット攻撃は、魚雷攻撃の前にポイントディフェンスシステムの効果を減少させるためのスクリーンとしてよく使用されます。",,,,,
heatseeker,WEAPON,"ターゲットのエンジンに向かってホーミングし、強力なEMPバーストで無効化します。戦闘用のオートローダーシステムが、長期戦での有用性を保証します。

サラマンダーミサイルは、2つの設計上の考慮事項を持つ特殊な武器です。最初は、敵のエンジンにホーミングするための非常に高度な追尾/ターゲティングメカニズムであり、他のすべての潜在的な衝突点やポイントディフェンスの脅威を回避します。

2つ目は、運動エネルギーや爆発力でターゲットを破壊しようとするのではなく、高い強度のターゲット電磁場を生成する特別な弾頭設計です。このような電磁場が無防御のエンジンや船体部品の近くに生成されると、すぐにすべての電子機器を無効化し、修理されるまで使用できなくなります。",,,,,
salamanderpod,WEAPON,"ターゲットのエンジンに向かってホーミングし、強力なEMPバーストで無効化します。戦闘用のオートローダーシステムが、長期戦での有用性を保証します。

外部に取り付けられたポッドが、より一般的なミサイルラックを置き換え、ほぼ同時に2発のミサイルを発射できるようにします。オートローダーは、短い待機時間の後に次の2発のミサイルのサルボを抽出、装填、準備します。

サラマンダーミサイルは、2つの設計上の考慮事項を持つ特殊な武器です。最初は、敵のエンジンにホーミングするための非常に高度な追尾/ターゲティングメカニズムであり、他のすべての潜在的な衝突点やポイントディフェンスの脅威を回避します。

2つ目は、運動エネルギーや爆発力でターゲットを破壊しようとするのではなく、高い強度のターゲット電磁場を生成する特別な弾頭設計です。このような電磁場が無防御のエンジンや船体部品の近くに生成されると、すぐにすべての電子機器を無効化し、修理されるまで使用できなくなります。",,,,,
harpoon,WEAPON,"中距離、高ペイロードの誘導ミサイルラックです。シールドがダウンした艦船に対して壊滅的な効果があります。

3発の中距離ミサイルを搭載したラックです。優れた推進システムが、大型の弾頭を亜光速でターゲットに届けます。機動性を犠牲にして速度と弾頭サイズを優先した中距離ミサイルは、セクターで使用される非ストライク武器の中で最高の威力を持つものの一つです。1発の命中はフリゲートサイズの艦船にとってほぼ致命的です。

この武器システムは、複数のミサイルを収容する発射ラックを特徴としています。",,,,,
harpoonpod,WEAPON,"中距離、高ペイロードの誘導ミサイルポッド。シールドがダウンした艦船に対して壊滅的な効果を持つ。

外部に取り付けられたポッドは、一般的なミサイルラックの代わりとなり、ほぼ同時に複数のミサイルを発射することができる。オートローダーは、短い待機時間の後に次のミサイルのサルボを抽出、装填、起爆する。

これらの中距離ミサイルは、単発または三連ラックから発射されるものと同一であり、シールドがダウンした艦船を仕留めるのに最適な方法である。優れた推進システムは、大きな弾頭を亜光速で目標に届ける。機動性を犠牲にして速度と弾頭のサイズを優先した中距離ミサイルは、セクターで使用される非ストライク兵器の中で最高の威力を持つものの一つである。一発の命中は、フリゲートサイズの艦船にとってほぼ致命的である。
",,,,,
harpoon_single,WEAPON,"中距離、高ペイロードの誘導ミサイル。シールドがダウンした艦船に対して壊滅的な効果を持つ。

優れた推進システムは、大きな弾頭を亜光速で目標に届ける。機動性を犠牲にして速度と弾頭のサイズを優先した中距離ミサイルは、セクターで使用される非ストライク兵器の中で最高の威力を持つものの一つである。一発の命中は、フリゲートサイズの艦船にとってほぼ致命的である。

このマウントは、一度に一発のミサイルしか発射できず、船体に埋め込まれた戦闘用の弾薬庫に単発の予備を搭載している。",,,,,
sabot,WEAPON,"範囲内に入ると、高速の運動エネルギー貫通弾の2段階目を発射する。シールドに対して大きなダメージを与え、敵の船体や装甲に衝突した際には大規模なEMPダメージを与える。PDで止めるのは難しい。

サボットクラスのミサイルは短距離の二段階KE兵器である。誘導ミサイルの第一段階は、シールドを持つターゲットの攻撃距離内に二次アセンブリを投影する。搭載されたターゲティングコンピュータがKE貫通弾の推進剤を点火する。この「サボット」と呼ばれるものは、通常、ウラン濃縮物のような超高密度材料から製造された狭い横安定型の弾頭である。

敵のシールドを破壊し、オーバーロードを引き起こすのに優れている。標準的な船体装甲は間隔があり、シールドが時間内に下げられた場合、サボットは装甲に衝撃を受ける際により管理しやすいダメージを与える。

この武器システムは、複数のミサイルを収容する発射ラックを備えている。",,,,,
sabotpod,WEAPON,"範囲内に入ると、高速の運動エネルギー貫通弾の2段階目を発射する。シールドに対して大きなダメージを与え、敵の船体や装甲に衝突した際には大規模なEMPダメージを与える。PDで止めるのは難しい。

ポッドは、一般的なミサイルラックの代わりとなり、ほぼ同時に複数のミサイルを発射することができる。オートローダーは、短い遅延の後に次のミサイルのサルボを抽出、装填、起爆する。

サボットクラスのミサイルは短距離の二段階KE兵器である。誘導ミサイルの第一段階は、シールドを持つターゲットの攻撃距離内に二次アセンブリを投影する。搭載されたターゲティングコンピュータがKE貫通弾の推進剤を点火する。この「サボット」と呼ばれるものは、通常、ウラン濃縮物のような超高密度材料から製造された狭い横安定型の弾頭である。

敵のシールドを破壊し、オーバーロードを引き起こすのに優れている。標準的な船体装甲は間隔があり、シールドが時間内に下げられた場合、サボットは装甲に衝撃を受ける際により管理しやすいダメージを与える。

この武器システムは、複数のミサイルを収容する発射ラックを備えている。",,,,,
sabot_single,WEAPON,"範囲内に入ると、高速の運動エネルギー貫通弾の2段階目を発射する。シールドに対して大きなダメージを与え、敵の船体や装甲に衝突した際には大規模なEMPダメージを与える。PDで止めるのは難しい。

サボットクラスのミサイルは短距離の二段階KE兵器である。誘導ミサイルの第一段階は、シールドを持つターゲットの攻撃距離内に二次アセンブリを投影する。搭載されたターゲティングコンピュータがKE貫通弾の推進剤を点火する。この「サボット」と呼ばれるものは、通常、ウラン濃縮物のような超高密度材料から製造された狭い横安定型の弾頭である。

敵のシールドを破壊し、オーバーロードを引き起こすのに優れている。標準的な船体装甲は間隔があり、シールドが時間内に下げられた場合、サボットは装甲に衝撃を受ける際により管理しやすいダメージを与える。

このマウントは、一度に一発のミサイルしか発射できず、船体に埋め込まれた戦闘用の弾薬庫に単発の予備を搭載している。",,,,,
sabot_fighter,WEAPON,"範囲内に入ると、高速の運動エネルギー貫通弾の2段階目を発射する。シールドに対して大きなダメージを与え、敵の船体や装甲に衝突した際には大規模なEMPダメージを与える。PDで止めるのは難しい。

サボットクラスのミサイルは短距離の二段階KE兵器である。誘導ミサイルの第一段階は、シールドを持つターゲットの攻撃距離内に二次アセンブリを投影する。搭載されたターゲティングコンピュータがKE貫通弾の推進剤を点火する。この「サボット」と呼ばれるものは、通常、ウラン濃縮物のような超高密度材料から製造された狭い横安定型の弾頭である。

敵のシールドを破壊し、オーバーロードを引き起こすのに優れている。標準的な船体装甲は間隔があり、シールドが時間内に下げられた場合、サボットは装甲に衝撃を受ける際により管理しやすいダメージを与える。

このマウントは、一度に一発のミサイルしか搭載できない。",,,,,
breach,WEAPON,重装甲で高速、優れた誘導性能を持ち、小型の特殊な対装甲弾頭を搭載したミサイル。,,,,,
breachpod,WEAPON,重装甲で高速、優れた誘導性能を持ち、小型の特殊な対装甲弾頭を搭載したミサイル。,,,,,
pilum,WEAPON,"長距離支援に適した二段階ミサイルで、後方の戦闘艦からの支援に使用される。第二段階は最高速度が高く、ポイントディフェンスシステムを突破する可能性が高まる。

技術的に成熟した武器システムであるピルムクラスミサイルは、慎重な艦長による長距離攻撃の明白な選択肢である。弾頭は、アクティブシールドにスポット故障を引き起こす装置と、これらの隙間を通過するためのEMPジェネレーターで構成されている。どちらの装置も、ミサイルの大型燃料タンクによって課せられた制約のため、特に効果的ではない。

戦闘用のオートローダーシステムは、長期戦においても継続的に、もし控えめであっても有用性を確保する。",,,,,
pilum_large,WEAPON,"長距離支援に適した二段階ミサイルで、後方の戦闘艦からの支援に使用される。第二段階は最高速度が高く、ポイントディフェンスシステムを突破する可能性が高まる。「カタパルト」発射システムは、より高い火力集中を生み出す。

技術的に成熟した武器システムであるピルムクラスミサイルは、慎重な艦長による長距離攻撃の明白な選択肢である。弾頭は、アクティブシールドにスポット故障を引き起こす装置と、これらの隙間を通過するためのEMPジェネレーターで構成されている。どちらの装置も、ミサイルの大型燃料タンクによって課せられた制約のため、特に効果的ではない。

戦闘用のオートローダーシステムは、長期戦においても継続的に、もし控えめであっても有用性を確保する。",,,,,
phasecl,WEAPON,低速の接近信管を展開し、印象的な爆風半径とポイントディフェンスの攻撃を受け流す能力を持っています。特に戦闘機に対して壊滅的ですが、装甲目標にも効果的です。,,,,,
phasecl_bomber,WEAPON,低速の接近信管を展開し、印象的な爆風半径を持っています。特に戦闘機に対して壊滅的ですが、装甲目標にも効果的です。,,,,,
typhoon,WEAPON,このシンプルでありながら強力な武器システムは、発射管と通常は標準のリーパー級魚雷を数発搭載するマガジンで構成されています。,,,,,
cyclone,WEAPON,"魚雷の集中攻撃を発射できる二重発射システム。時間内に避けられない遅い船に対して壊滅的です。

非常に大きな武器システムであるサイクロン級発射機は、内部マガジンを持つ二つの大きな魚雷管を備えているとされています。火器管制システムは連動しており、二つのリーパー級魚雷を同時に発射します。自動装填機は数秒でマガジンから次の発射を準備します。",,,,,
hurricane,WEAPON,"目標に接近すると複数の弾頭に分裂するミサイルを発射します。シールドが無い敵に対して特に壊滅的です。

ハリケーンタレットは、自己推進式の複数ミサイル配信プロジェクターポッドを発射するために設計された後期拡張時代の武器です。ターゲティングコンピュータは、ポッドが放出される際に命中解をプログラムします。放出された小型ミサイルの群れはすべての艦船タイプにとって危険です。ミサイルは成形炸薬弾頭を備えており、敵の装甲に対してより効果的です。これらの特性により、ハリケーンはキルウェポンとなり、通常は壊滅した目標を完全に破壊するよう命じられた砲撃士官によってのみ発射されます。",,,,,
mininglaser,WEAPON,"ミサイルと戦闘機防御用にハードワイヤードされた安価なユーティリティレーザー。長距離ですが、出力が低いために制約があります。

Mk I 採掘レーザーは、戦闘用に改造されたフッ化物ガス増幅媒質を特徴としています。マイクロ小惑星ターゲティングパッケージは、接近するミサイルを追跡し、標的にするために再利用されています。大きな目標や装甲目標にはほとんど役に立ちません。670nmのトラッカービームが内蔵されています。",,,,,
pdlaser,WEAPON,"ミサイルと戦闘機防御用に設計された小型レーザーで、優れた追尾能力、そこそこのダメージ、非常に短い射程を持っています。

シンプルさ、信頼性、低フラックスコストがこの普遍的なポイントディフェンス武器の特徴です。レーザーは、二酸化炭素増幅媒質と短距離マーカービームを組み合わせて構築されています。可動部品のない単純な一段レンズアセンブリにより、武器はメンテナンス手順なしで長時間動作することができます。低ダメージのために「祈る（それが）ダッド」レーザーというバックアクロニムが作成されました。",,,,,
taclaser,WEAPON,"標準的な戦闘レーザーで、中距離から長距離で有用です。非常に柔軟な武器で、特にシールドのないターゲットに対して効果的です。

このセクターのビーム兵器の主力である戦術レーザーは、低メンテナンスコスト、汎用性、構造の容易さからよく使用されます。標準の二酸化炭素増幅媒質、530nmのマーカービーム、三つのレンズアセンブリを備えています。特に長期戦において小型艦船の良い支援武器です。",,,,,
ioncannon,WEAPON,"電磁パルス（EMP）を発射し、敵のシステムやエンジンを迅速に無効化できる中距離エネルギーキャノンです。衝撃点近くのモジュールにアークすることがあります。

イオンキャノンの非標準増幅媒質は、高度にイオン化されたバリオン物質をコヒーレントボルトとして投影します。イオンボルトが目標に衝突すると、局所的な磁場が生成され、センサー、燃料点火装置、ターゲティングモジュール、コンピュータなど、あらゆる電子機器に混乱を引き起こします。この武器は特定の回路を融合させ、シールドジェネレーターに軽度の負担をかけることができるため、永久的なダメージはほとんどありません。艦船に装備される唯一の武器タイプであることは稀です。",,,,,
ioncannon_fighter,WEAPON,遅い発射速度の中距離エネルギーキャノンで、電磁パルス（EMP）を発射し、敵のシステムやエンジンを迅速に無効化できます。衝撃点近くのモジュールにアークすることがあります。,,,,,
irpulse,WEAPON,"フラックス効率の良い赤外線パルスレーザーで、中距離でエネルギーのボルトを発射します。長時間の連射に最適な武器です。

この武器は、11ミクロンで発射される二酸化炭素増幅媒質を使用したほとんどの戦闘レーザーと同じです。Qスイッチ電源によりターゲットのアブレーションが可能になり、従来のビームよりもはるかに効果的ですが、消費電力は大幅に増加します。主に戦闘機やフリゲートで使用され、武器の低い射程は装備された艦船の機動性によって補われます。",,,,,
irpulse_fighter,WEAPON,遅い発射速度のフラックス効率の良い赤外線パルスレーザーで、中距離でエネルギーのボルトを発射します。長時間の連射に最適な武器です。,,,,,
lrpdlaser,WEAPON,"中距離エネルギー兵器で、ミサイルや戦闘機の脅威を無力化するのに効果的です。長時間発射可能ですが、ダメージは標準以下です。

追加のレンズアセンブリにより、11ミクロンの波長で発射される標準的な二酸化炭素ビームから自己拡散粒子が排除されます。延長された射程により、通常は低いワット数でもターゲットにより大きな影響を与えることができます。特に、シールドされたターゲットに向かうミサイルを破壊するのに役立ちます - 標準的なポイントディフェンスレーザーは、保護すべき艦船の防御シールドを超えて十分に遠くまで届く射程を持っていません。",,,,,
pdburst,WEAPON,"内蔵キャパシタを備えており、完全に充電されると武器が数回連続して発射できるようになります。ミサイルや戦闘機に対して非常に優れています。

バーストポイントディフェンスレーザーは、標準的なPDビーム兵器のさらなる改良です。Qスイッチ増幅媒質はパルスポンプされ、チタンドープサファイア増幅媒質に供給される電力が事前定義された間隔でピークに達することを保証します。その結果、数秒ごとに発射される武器が得られ、その小さなサイズに対して非常に効果的です。消費電力は小さく、いくつかの戦闘機の電源コアでも発射負荷を処理できます。",,,,,
pdburst_fighter,WEAPON,"短時間の高強度レーザーで、ミサイルや戦闘機に対して優れた性能を発揮します。軽量シャーシマウントの要件により、標準モデルよりも小さなキャパシタのため、充電速度は低下しています。

バーストポイントディフェンスレーザーは、標準的なPDビーム兵器のさらなる改良です。Qスイッチ増幅媒質はパルスポンプされ、チタンドープサファイア増幅媒質に供給される電力が事前定義された間隔でピークに達することを保証します。その結果、数秒ごとに発射される武器が得られ、その小さなサイズに対して非常に効果的です。消費電力は小さく、いくつかの戦闘機の電源コアでも発射負荷を処理できます。",,,,,
amblaster,WEAPON,"遅い発射速度の、非常に高いダメージを持つエネルギーガンで、セクター内の最大の艦船に脅威を与えることを目的としています。近距離でのみ使用可能です。

反物質ブラスターは、存在する中で最も複雑な武器の一つです。反物質は、ケースに内蔵された自動磁場プロジェクターを持つシェルに保存されます。反物質（通常は陽電子）を保持して排出するのに十分な強さのフィールドを生成するためには、内蔵キャパシタがかなりの時間充電する必要があります。必要な強さの磁場が生成されると、シェルが破られ、反物質がターゲットに向かって排出され、その主な推進力はブラスターの銃口周辺のローレンツ力です。

すべてのターゲットに対して非常に効果的です。",,,,,
phasebeam,WEAPON,"短距離・短時間のビームで、バーストで重いダメージを与えます。ビーム兵器としては装甲に対しても有効です。

この武器は、基本的には最高の武器化された波長を確保するためにトリプルサファイア増幅媒質を使用したレーザービームです。光子は、p空間の一部に存在するエネルギービームを出力するハイパーディメンショナルフィルターを通して発射されます。フィルターの物理学は正しく理解されておらず、実験室の設定では、6.66ギガワットを超えるビームのp空間成分が時折ちらつくことがあります - まるでブロックされているかのように。武器マウントは、信頼性を確保するためにそのような高エネルギーレベルを使用することはありません。",,,,,
gravitonbeam,WEAPON,"シールドに対して非常に効果的で、シールドを不安定にし、すべてのソースからのダメージを増加させる非典型的なビーム兵器です。射程は優れていますが、装甲に対するダメージ毎秒比は標準以下です。

この武器のコアは、500nmトレーサービームに従うブレインリフトジェネレーターです。このビームは、手動オペレーターにターゲティングフィードバックを提供するだけでなく、リフトのために局所的な時空を準備します。

リフトが開くと、高次ブレイン重力子が局所的な時空に大量に入り、最大100センチ秒持続します。ターゲットへのダメージは、結果として生じる強い重力せん断によって引き起こされます。これらの高次ブレイン重力子は、標準的なエネルギーフィールドを簡単に圧倒します。",,,,,
pulselaser,WEAPON,"エネルギーの連続したボルトを発射し、フラックスの蓄積があり、敵に常に圧力をかけたい中距離戦闘者に有利です。

一定のビームではなくパルスを発射するように設計されており、総出力は常時運転設計を超えています。連続レーザーと同様に、二酸化炭素の増幅媒体にエネルギーが供給され、11ミクロンの波長で光子を生成します。

短時間でより多くのエネルギーが供給されることで、ターゲットがアブレーションされ、小さな表面部分が蒸発するプロセスが引き起こされます。その結果、衝撃波が追加の構造的損傷を引き起こします。",,,,,
miningblaster,WEAPON,鉱夫の最良の友、これは近距離で粉砕するエネルギーのボルトを発射できる武器です。鉱石スキャナーは、武器が自動発射モードのときにシールドに対して過剰に使用されるのを防ぐためにインターロックとして再利用されています。,,,,,
heavyblaster,WEAPON,"敵の標的にエネルギーの弾を発射します。高いダメージとフラックスコストを持つハイブラスターは、そのサイズに対して最も破壊力のある武器の一つです。

信頼性の高いエネルギー兵器であるハイブラスターは、改良された高エネルギーガス弾薬を使用しており、強力な電流によって活性化されるとプラズマに変換されます。発射前に誘導電子が移動軸に沿って発射され、未制御のプラズマ弾が意図した方向に進むことが物理学によって保証されますが、その物理学はもはや十分に理解されていません。",,,,,
heavyburst,WEAPON,"PDバーストレーザーの重いバージョンであるこの武器は、より長い射程と、より高い前方ダメージのための多くの内蔵コンデンサーを特徴としています。

しばしば過小評価される武器であるハイバーストレーザーは、実際にはセクターで入手可能な最高のビーム兵器の一つです。ゲイン媒体とレンズハウジングの簡単な検査だけで、最も懐疑的な検査官でさえも、内部に収められた技術がドメインが提供できる最高のものであることを保証するのに十分です。

バースト効果を生み出す物理学は、ヘゲモニー兵器委員会の最高層やトライ・タキオンハイブリッド物理部門でさえ理解されていません。qスイッチの多相ビームが量子フィルターを通過することでエンタングルメントを保証し、バースト効果を生み出すことが理論化されています。これは、元々フェイルセーフシステムだと考えられていた三重レンズハウジングの説明かもしれません。しかし、これらは単なる理論に過ぎません。

戦闘において、ハイバーストレーザーは、最新のポイント防御周辺を確保したいと考える者に好まれています。",,,,,
plasma,WEAPON,"ペルシアンセクターで知られる最も壊滅的なエネルギー兵器の一つであるプラズマキャノンは、高エネルギーの半安定プラズマ弾を標的に発射します。この武器は、戦艦のフラックスポールをオーバーロードさせることで、操作者の間でも恐れられています。

ペイロードは、合成重力レンズを通じて起爆されるマイクロフュージョンイベントで構成されており、生成されたエネルギーの多くを前方に集中させ、一時的な高エネルギーミニユニバースとして数学的に説明されています。この理論的説明は、多くの真剣な科学者によって、未知の原則の純粋に偶然の適用に対する事後的な正当化と見なされています。しかし、ドメイン艦隊調達評議会は、そのような詳細を調査することに興味を示さず、製造を承認しました。結局、技術基準省の重い手は常に警戒しており、彼らの「支援」がプロジェクト全体を無効にする可能性があったからです。それにもかかわらず、半安定の数秒間に、異常に封じ込められたプラズマは、シャーシの前方のパイロンに取り付けられた磁気ドライバーによって標的に向けて加速され、予測可能な破壊的結果をもたらします。

もし、弾頭異常がその短い寿命の間に通常の物質エネルギーとの激しい衝突によって破られなければ、高次のブレインがエネルギーの大部分を吸収し、我々の次元から永遠に消失させることになります。少なくとも、そう推測されています。",,,,,
hil,WEAPON,"長距離で高ダメージのビーム兵器で、支援艦や予算内で対装甲能力が必要な艦に搭載されることが多いです。

ハイインテンシティレーザーは、ギガワット範囲を超えるエネルギー評価を持つパワーハウス武器です。このような力を長時間生み出すために、設計は内蔵の核融合電源に依存しています。このコアは、発射が開始されるときに艦のリアクターが果たす外部アクチュエーターを必要とします。

三つの精密に調整されたレンズアセンブリが点火ユニット内の光子を導き、コヒーレントビームを維持するために必要なエネルギーを蓄えるのに数秒かかります。ゲイン媒体は二段階のガス-固体で、qスイッチされており、数秒で無防備な標的を消し去ることができる強力な粒子ストリームを提供します。

標的を追跡し破壊できる極端な射程により、HILは近接戦闘に従事している友軍艦に安全に近接支援を提供するのに優れています。フラックスコストを管理できる艦長に好まれる武器です。",,,,,
autopulse,WEAPON,多数の内蔵コンデンサーが、この非常に効率的でありながら強力なエネルギー兵器の核心にあります。蓄積されたチャージを消費することによる高いバーストダメージは、比較的低い持続発射率によって相殺されます。,,,,,
guardian,WEAPON,"小型レーザーを集めて回転ポッドに搭載し、内蔵コンデンサーによって戦闘機やミサイルに対して非常に高いバーストダメージを可能にします。

パラディンは、製造コストと高いフラックス要件のため、通常は主力艦に展開される軍用グレードのPDシステムです。埋め込まれた自律的なサブガンマターゲティングコアとIFFシステムは、ホスト艦の防御護衛スクリーンを突破した攻撃弾薬や戦闘機を検出し、破壊するように設計されています。

五つの独立した二酸化炭素レーザーは、尊敬されるデザインと最高級の製造を提供し、コンパクトなパッケージで例外的に集中した火力を提供します。一方、巧妙な仮想慣性カウンターウェイトシステムにより、標的追跡がほぼ瞬時に行えます。禁止的なエネルギー要件により、通常は短いバーストでのみ武器を起動できるようになりますが、これは通常、標的脅威カテゴリーの敵に対処するのに十分です。",,,,,
tpc,WEAPON,"初期の時代からの大きなエネルギー兵器であるTPCは、圧倒的な前方火力を提供するためにオンスロートの船体に直接組み込まれています。

モジュラーエネルギー兵器がドメイン艦隊調達委員会によって普遍的に信頼される前に設計されたこの武器は、当時の他の船体が必要な電力を供給できなかったため、オンスロートの設計図にコーディングされました。

後の時代のモジュラー設計にいくつかの点で劣るものの、サーマルパルスキャノンはオンスロートの武器庫の重要な部分であり続けています。",,,,,
tachyonlance,WEAPON,"連続的なEMPコンポーネントを持つ壊滅的なダメージを与えるバースト作動ビームです。EMPアークは、標的のハードフラックスレベルに基づいてシールドを通過する可能性があります。

セクターで神話的な地位を獲得したほど珍しく強力な武器であるタキオンランスは、実験的なFTL通信システムプロトタイプの原則に基づくコア技術を使用していますが、ひとひねりがあります。タキオン粒子の超次元特性を通信に使用する代わりに、nブレイン操作と反プラズマ発生器が、ハイパースペースを移動する帯電タキオンストリームを生成します。最小エネルギー要件は驚異的で、この量の電力は、武器システム内に収められた最大の電力コンデンサーによって数秒間のみ生成できます。

通常のビーム兵器から発射されるビームとは異なり、タキオンストリームはレンズを通したり変更されたりすることはありません。実際、初期のタキオンマーカーが作動すると、反応は自らの命を持ち、コンデンサーに蓄えられた電力を急速に消費し、破壊を解き放ちます。通常の空間がこのような高レベルの反プラズマにさらされると、電磁的、重力的、熱的キャビテーション効果が組み合わさり、道に立ちはだかるものを粉砕し、近くの電子機器にも深刻な損傷を与えます。",,,,,
swarm_launcher,WEAPON,"""以前は未分化の自律的な断片が、ホスト艦の構造から再割り当てされ、常駐する雲を補充します。そこから、緩く編成された攻撃グループに割り当てることができます。重要な要素はこれのようです - 私はこれを指定します - 専門のシステムノードです。我々は、これは分散処理/通信クラスターであり、ここに船体にハイライトされているいくつかのうちの一つであると推測しています。これらは、半自律的な群れの要素による敵対的行動を調整し、可能性として開始し、委任するようです。",- 特別調達部長にのみ提出される封印されたホロレポート,,,,
seeker_fragment,WEAPON,主な要素は強力な成形HE弾を搭載していました。限られた弾薬備蓄から発射されたのか、現地で製造されたのかはわかりません。周囲の群れは、主な要素が私たちのポイント防御網を突破できるように犠牲のスクリーンとして機能しました。それは三つのデッキにわたって装甲ベルトを突破し、そして...,- 特別調達部長にのみ提出される封印されたホロレポート,,,,
kinetic_fragments,WEAPON,いくつかの自由に群がる要素のグループが内部チャージを蓄積し始め、EMフィールドはさまざまな内部コンポーネントのオーバーロードの閾値に近づき、さらにはそれを超えました。ここに、構造から物質が剥がれ落ちるプラズマハローを見ることができます。この興奮状態を達成した要素は、オーバーロードを引き起こそうとする試みのために私たちのシールドに向かって加速しました...残念ながら、効果は悪かったと言わざるを得ません。,- 特別調達部長にのみ提出される封印されたホロレポート,,,,
unstable_fragment,WEAPON,"ミサイルの脅威や、私たちが発見したように、攻撃機の編隊の接近に応じて、特定の要素または「断片」が定常群から放射され始めました。これは、遭遇後のテレメトリー分析によって明らかになった自己破壊的なパワーコアのオーバーロードの初期の兆候でした。これらの「熱い」要素は、接近する編隊を迎撃し、爆発するために操縦スラスターを使用します。複数のマイクロ融合炉のオーバーロードとその結果生じる破片の力は、軽量宇宙船の装甲を引き裂くのに十分でした。

このような行動が戦闘統合センサー装置によって検出されるとすぐにタグ付けできるように、戦術アルゴリズムパッチが発行されます。",- 特別調達部長にのみ提出される封印されたホロレポート,,,,
devouring_swarm,WEAPON,"群れ戦術は、攻撃要素の一部が標的のアクティブ防御スクリーンを突破することを保証します。生き残った要素はその運動量を利用して... 船体に付着または接着します。半自律的なツールとマニピュレーター - それを武器と呼ぶことはほとんどできません - が展開され、バルクヘッド、導管、船のシステムを解体します。回収された材料は侵入地点に戻され、... それらは貨物パケットドローンに似ており、戦利品を持って母艦に戻ろうとしました。

機械は人間の乗組員を標的にしませんが、サイボーグ強化を受けた者 - スペーサーや、もちろん、会社の従業員や士官の間で一般的です - は... 収穫されました。私たちは、損害制御チームに海兵隊員を割り当てる必要があると判断しました。",- 特別調達部長にのみ提出される封印されたホロレポート,,,,
voltaic_discharge,WEAPON,"ズームインして... アークソースの独特な構造に注目しましょう。特徴が特定されたときには、シールドとEMハードニングの使用を推奨します。このレポートには更新された戦術データセットが添付されています。

操作は、定常群のメンバーに強い磁場が検出されたため進行しました... プローブが破壊される前に、サポート群要素を超えて伸びるフィールドラインをマッピングしました。テレメトリーが切断される前のこの最終画像で見ることができるように - EMホワイトアウトの前に1フレーム戻りましょう...",- 特別調達部長にのみ提出される封印されたホロレポート,,,,
neutron_torpedo,WEAPON,"""[結果を返しています / 短縮: true] '超高密度物質（エキゾチック）弾薬配信システムの研究開発に関する特別レビュー' から...

""この委員会は、契約者が実験室条件下で中性子物質のペイロードを保持し制御する手段を示したことを認めていますが - 天文学的な納税者の費用に支えられていることを付け加えます - 戦場での展開の実現可能性は今まで一度も証明されていません。この委員会は、資金を撤回し、[声が上がる、解読不能] この分野でのさらなる技術的許可をトライ・タキオン社に対して全プロジェクト費用の監査が完了するまで拒否することを推奨します...""",- ドメインアーマダ調達、APRC-3の議事録 // 機密ガレナ（歴史的）,,,,
light_mass_driver,WEAPON,"""[最適一致: 'ライトマスドライバー兵器システム（廃止）' / 短縮: true / 部分一致を表示: true / 警告: バリアントには無許可の改造が含まれています。バリアントは未登録の製造IDを表示します。バリアントはドメイン技術安全基準に違反している可能性があります。]

""...高密度の部分的に鉄を含む超高速弾を発射し、そのクラスに対して相応しい運動エネルギーのペイロードを提供します。""

""...は、フロンティア鉱業コンバインに好まれる民間のStencor Mk.IIIリニアカタパルトの軍事化バージョンです。無許可のナノ製造コピーによる事故のために悪評を得ました。",- 不明、外縁で見つかった音声ログ,,,,
heavy_mass_driver,WEAPON,"""[最適一致: 'ハード・フラックス兵器システム（廃止）'  / 略称: true / 部分一致を表示: true / 警告: バリアントには無許可の改造が含まれています。バリアントは未登録の生産IDを表示します。バリアントはドメイン技術安全基準に違反している可能性があります。]

""...超密度材料の重いペイロードをフェロ磁性シースで発射します。ハード・フラックスの超高速弾は、シールド発生器をオーバーロードさせるのに特に効果的であることがわかっています。""

""...は、テラフォーミング用途で広く使用されている企業の重い民間モデルの軍事化バージョンです。この兵器システムは、重戦艦や防御施設で反ドメインの「バンディット」に使用されていることがわかりました [参照: > 第二ウリディムの動乱]。ステンコール社は調査を行い...兵器設計の漏洩について責任を問われないことが判明しました。""",- 不明、外縁で見つかった音声ログ,,,,
neoferric_quadcoil,WEAPON,"""[最適一致: 'クアッドコイル兵器システム（廃止）'  / 略称: true / 部分一致を表示: true / 警告: バリアントには無許可の改造が含まれています。バリアントは未登録の生産IDを表示します。バリアントはドメイン技術安全基準に違反している可能性があります。]

""ステンコール社のクアッドマウント軍事用マスドライバーは、民間のリニアカタパルトラインに基づいた再設計です。古い固体複合インパクタ弾薬は、この用途で新しいクラスの磁気推進SAPHE弾薬に置き換えられ、アルマダ調達評議会によって指示された仕様に従っています。クアッドコイルは、アルマダの武器庫に高速度の弾道対装甲兵器システムを追加しました -- 少なくとも初期の限られた生産ロットから引き出すことができた少数の戦闘群に対して。""

""ステンコール社は元の割り当てを満たせなかったため、オリオン造船所に調達契約を移転する圧力に屈しました。ステンコールは後に、ブラックウェブの鍛冶屋海賊へのライセンスファイルの漏洩によりオリオンに損害賠償を請求しました。[参照: > ステンコール、武器スキャンダル、 > ステンコール、破産と解散]""",- 不明、外縁で見つかった音声ログ,,,,
voltaic_cannon,WEAPON,"""地獄のボール・ライトニング。自己安定化するプラズマシェルにモノポール準粒子が含まれているのか？技術者はそう言った。まあ、戦闘で遭遇したどのEMPペイロードよりも高電圧だったが、長距離でも一緒に保たれる...""

""その攻撃で旗艦の主武器とほとんどのPDが無効化された。データバッファの半分も焼き切れた。センサー出力を定期的にハードコアにストリーミングしているのは良いことだ。これがこの不吉なビジネスからの私の切符だからだ。戻ったら、早めに私の分を取るつもりだ。それから引退。""",- 不明、外縁で見つかった音声ログ,,,,
voidblaster,WEAPON,"""時空のせん断効果は、ほぼ、しかし正確には、局所的な光速で伝播するようです。それについてはまだ作業中で、センサーのキャリブレーションミスは除外しました。理論的な範囲については推測できません。制限要因は通常空間内での焦点を合わせる能力です。未硬化のターゲットに対するダメージは劇的です。後で公式レポートを作成しなければなりません。新しいデータがたくさん入ってきています... ボットがこれを自分たちで作り上げたとは思えません。ズニャはこれを気に入るでしょう。""",- 特別調達部長にのみ提出される封印されたホロレポート,,,,
skirmish_unit,SHIP,"「Iklwa」級フリゲートのアーカイブエントリに最も近い一致が見つかりました。54.38%の信頼度。データベースを照会中... 「機敏で、アーマダの教義がアキラ・ブリガンズの反乱の新しい条件に成熟したとき、普遍的なIklwaが形成されました- ドメイン情報セキュリティ違反閾値警告
// データストリームリセット中...

-バン・マーネンの星での高価な恥は、臨界点の前の比喩的な最後の棒に過ぎませんでした。すべてのレベルでの公衆の怒りは、上級者への調査の開始につながりました- エラー // -決して引き下がらない、決して撤退しない。オリオンの帯からポラリスのフロンティアまで、- 致命的なアクセスエラー // 

このTriPadは、要求された製品IDに対する追加の説明を提供する権限がありません。ドメイン情報セキュリティ基準に従ってデータ権限レベルをアップグレードしてください。",,,,,
overseer_unit,SHIP,"「Fulgurite」級フロンティア支援巡洋艦のアーカイブエントリに最も近い一致が見つかりました。53.03%の信頼度。データベースを照会中... 「エメラルド時代」脱出後のオリオン造船所のデザインの際立った存在であるこのフロンティア評価のユーティリティプラットフォームは、軌道から- ドメイン情報セキュリティ違反閾値警告
// データストリームリセット中...

-彼女は言った「私たちの人間の領域で鍛冶場が花開くように; 千の星の富と栄光で冠されるように！」この引用は- エラー // -テラコアからサドール地域まで、私たちの戦闘群は私たちの生活様式、私たちの存在そのものを守る準備ができています！」 致命的なアクセスエラー //

このTriPadは、要求された製品IDに対する追加の説明を提供する権限がありません。ドメイン情報セキュリティ基準に従ってデータ権限レベルをアップグレードしてください。",,,,,
assault_unit,SHIP,"「Erebid」級駆逐艦（再分類）のアーカイブエントリに最も近い一致が見つかりました。43.87%の信頼度。データベースを照会中... 「アーマダの指導者たちの大半は、約400人の上級士官が辞任した「グレーウェーブ」を通じて直接的な起訴を逃れました- ドメイン情報セキュリティ違反閾値警告
// データストリームリセット中...

-星間品質と設計保証改革の- 一連の法律は、ヒューマンドメインの代表機関によってエネルギッシュな12サイクルにわたって通過され、後の歴史家によってのみそう呼ばれた - これにより、製造権管理の広範な施行の法的基盤が構築されます（今後- 致命的なアクセスエラー //

このTriPadは、要求された製品IDに対する追加の説明を提供する権限がありません。ドメイン情報セキュリティ基準に従ってデータ権限レベルをアップグレードしてください。",,,,,
hive_unit,SHIP,"識別エラー: ターゲットはドメイン登録または歴史的参照において知られている船のクラスと一致しません。一時的なエントリーのためにデータを提出しますか？処理中。エラー // ドメイン情報セキュリティ違反閾値警告
// 再試行？
 処理中。エラー // ドメイン情報セキュリティ違反閾値警告
// 再試行？
 処理中。エラー // ドメイン情報セキュリティ違反閾値警告
// 処理失敗。

直ちにドメイン情報セキュリティに連絡して、ドメイン情報セキュリティ基準への準拠を確認してください。",,,,,
standoff_unit,SHIP,"「Kardakes」級船体のアーカイブエントリに最も近い一致が見つかりました。32.11%の信頼度。データベースを照会中... 「まず、ハトダ級の軌道包囲能力を持つ重バラスト武器プラットフォームを置き換えることを意図して、その後、4番目のドメインアーマダ改訂スキーマ再分類命令の前に、Kardakesは独自の資本級戦艦と見なされました。エリダニの反乱を奪還する際に戦闘条件に初めて配備されました- ドメイン情報セキュリティ違反閾値警告
// データストリームリセット中...

-ナノフォージ自体によってナノ化学レベルに埋め込まれた「シグネチャー」の技術は、全体的な構造に最小限の影響を与えるだけです- 致命的なアクセスエラー // 

このTriPadは、要求された製品IDに対する追加の説明を提供する権限がありません。ドメイン情報セキュリティ基準に従ってデータ権限レベルをアップグレードしてください。",,,,,
fabricator_unit,SHIP,"「Ilmari」級モバイルファブリケーター船体のアーカイブエントリに最も近い一致が見つかりました。60.33%の信頼度。照会中... 「204回目の集会の第3サイクル中のヒッパルコスでのメガデス事件にもかかわらず、この著者は、それが自動化ではなく、悪意に近い人為的エラーの行為であると主張しています- ドメイン情報セキュリティ違反閾値警告
// データストリームリセット中... 

-ゲートネットワークに新たに追加されたシステムの開発を飛躍的に進めるためのフロンティア製造基地、特に- 致命的なアクセスエラー //

このTriPadは、要求された製品IDに対する追加の説明を提供する権限がありません。ドメイン情報セキュリティ基準に従ってデータ権限レベルをアップグレードしてください。",,,,,
attack_swarm,SHIP,"""インターセプトテレメトリーとサルベージの間で、個々のスウォーム要素に固定された名称やアイデンティティは存在しないと結論せざるを得ません。彼らは機能によってのみ定義されます。""

""コンポーネント、サブコンポーネント、さらにはより大きな構造が断片間で交換可能な役割を果たしますが、各部分は親アセンブリに適応された独自の形を示します。それは...狂ったエンジニアの悪夢です。""",- 不明、外縁で見つかった音声ログ,,,,
onslaught_mk1,SHIP,"これは尊敬されるデザイン、先駆者、祖先であるオンスロート Mk.I 戦艦です。そのラインは現代の目には奇妙で、原始的です。これは、長い間忘れ去られた存在的脅威に対抗するために、ドメイン艦隊に仕えるために作られました。時間とプロパガンダの霧に包まれています。

改良が施されていないわけではありません：燃料容量が増加し、原始的な統合ハイパードライブが最適化されています。シールドシステムはなく、この船は代わりに2つの巨大なアプリーク装甲モジュールを搭載しています。これらは、戦闘ダメージを受けた後に修理のために取り外され、物流列車に保管されている予備品と交換されることを意図しています。すべての主要サブシステムには、驚くほど頑丈な電気機械的自動化が設置されています。

人間のドメインによって数千サイクルにわたって振るわれたオンスロート級の brutal な力は、この原始的な形でも明らかです。",,,,,
module_onslaught_armor_left,SHIP,オンスロート Mk.I の左側面に取り付けられる巨大なアプリーク装甲で、船が信じられないほどの重火力をかいくぐり、主要目標に集中できるようにします。モジュラー設計は、元々造船所のダウンタイムを最小限に抑えることを目的としていました。,,,,,
module_onslaught_armor_right,SHIP,オンスロート Mk.I の右側面に取り付けられる巨大なアプリーク装甲で、船が信じられないほどの重火力をかいくぐり、主要目標に集中できるようにします。モジュラー設計は、元々造船所のダウンタイムを最小限に抑えることを目的としていました。,,,,,
heavy_adjudicator,WEAPON,"巨大な長距離フラック砲です。ヘビー・アジャディケーターは、弾薬供給と反動システムの極端な大きさのために、オンスロート Mk.I の船体に組み込まれなければなりません。広範囲にわたって驚異的な破片の嵐で空間を埋め尽くします - どんな戦闘機、ミサイル、または装甲が剥がれた船も、この死のゾーンに入れば運命です。

問題は残ります。移動式鍛造対応のストライクファイター教義が台頭する前に、そんな専用の武器は何の目的で設計されたのでしょうか？",,,,,
onslaught,SHIP,"尊敬されるデザインであるオンスロート級戦艦は、長い間前にドメイン艦隊に仕えるために最初に作られ、先進的なストライク兵器、現代のエネルギー兵器、シールドシステムの開発の前に存在しました。

最初に軌道ドックから発進したとき、その火力とバースト速度は確かに全システムを威圧しました。彼らは、忘れ去られた戦争で非人間と戦うために作られたとも言われています。ずっと後に、オリオン造船所のエンジニアは、シールドシステムを含むように設計図を改良し、ハイパードライブをアップグレードし、自動化と反復工学を通じて必要な乗組員数を減らしました。より先進的な設計図が利用可能であるにもかかわらず、オンスロートはそのシステムの brutal なシンプルさのために製造が最も容易なままです。

シールドを考慮せずに設計された船で、敵の重火力の猛攻に耐え、乗組員を守りながら反撃できるように作られた船は、士官や乗組員に非常に愛されています。そして反撃も可能です。オンスロートの比類のない弾道的潜在能力は、数分で全艦隊を壊滅させることができ、その唯一の欠点は弾薬への物流依存です。

オンスロートの乗組員は、ヘゲモニー海軍の背骨を形成するクラスで奉仕することを誇りに思っています。",,,,,
astral,SHIP,"技術的に進んだ主力艦であるアストラル級キャリアは、その多数のストライク機群を通じて膨大な火力を投影します。

アストラル級の船体は、崩壊の直前のサイクルにおいて、ドメインのキャリアデザインの極致であったと考えられています。船体は、統合自動化、サブAIコア、先進的な軍事アルゴリズムを使用して戦闘効率を倍増させるメンテナンスドローンで満たされています。防御兵装は通常、近接戦闘を避けるために敵に圧力を維持することを目的とした長距離ミサイルに支えられたポイントディフェンスターレットで構成されています。

アストラルの真の力は、その戦闘機の補完の前例のない柔軟性にあります。ほぼすべての敵艦は、機敏な迎撃機、ストライク爆撃機、または支援戦闘機のウィングの協調発進によって迅速に排除できます。自動化された施設は、帰還する艦隊が迅速に修理され、再武装され、安全な巨大なX-35シールドエミッターアレイの背後で交換されることを保証します。教義に従い、アストラルキャリアは決して単独で展開されることはなく、X-35が強制的にダウンさせられた場合、その軽装甲は脆弱です。アストラルは、護衛艦の群れと共に、全惑星を征服し、広大な宇宙を封鎖することができるキャリア任務部隊の中心として最も適しています。

現代のペルセアンセクターで運用されている最も技術的に進んだ主力艦の中で、アストラルは高い技術要件とセキュリティ上の懸念からヘゲモニー海軍に少数しか存在しません。トライ・タキオンの上級企業幹部や、稀に見られる非常に裕福な私的提督がアストラルを旗艦にすることがあります。",,,,,
atlas,SHIP,"アトラス級艦は、大型の宇宙貨物プラットフォームで、FTLドライブといくつかの防御システムを備えています。数百のコンテナを船体に取り付けて、この巨大な船で簡単に運ぶことができます。

通常、全ての前哨基地を効率的に補給するために使用されるアトラスは、セクターの商業の主流である小型で迅速な貿易運行には不向きです。彼らの遅い速度と大きなサイズは、好奇心旺盛な見物人から、コンテナのマグネトグラビティファスナーを無効にしようとする海賊、すべてを破壊しようとするパザーの狂信者まで、招かれざる客を常に誘惑します。それにもかかわらず、ヘゲモニーは特に季節ごとに農業世界からバイオマスを取り出すために広く使用しています。この目的のために、ヘゲモニーは大規模なアトラスコンボイを編成します。これらは軍艦によって保護され、ヘゲモニー市民の命綱が安全に保たれることを保証します。

アトラスの艦長は、能力のある者にとっては珍しい罰であり、通常の貿易運行と海賊攻撃の結果として、魂を麻痺させる退屈さと絶対的な恐怖の不均一な混合です。",,,,,
conquest,SHIP,"コンケスト級巡洋艦は、集中火力の具現化です。戦闘機の普及が始まる直前の時期に開発され、このクラスは装甲保護よりも火力と速度を重視しています。

当時の宇宙海軍の戦術家たちは、新しい武器システムが常に装甲やシールドを上回ると確信しており、それが交戦に勝つための鍵であると考えていました。では、なぜ速度と力のために船を作らないのでしょうか？巡洋艦の装甲保護を与え、どの船にも利用可能な最高の武器で武装させ、そしてその鈍重な巨人たちよりも速く保つのです。コンケストは、これらの概念を船体に組み込んだ良い例です。設計には、周回戦闘用に設計された武器マウントを含む多くの他の先進技術が組み込まれています。この機動は、より大きな航行技術を必要とし、指揮官により多くの戦術的選択肢を提供します。

古代人は言いました。「運は大胆な者に味方する」と。このクラスの船は、確かに勝利のスリルのためにすべてを賭ける大胆な艦長を好みます。",,,,,
paragon,SHIP,"ドメインの戦艦デザインの頂点であり、軍事的必要性の結果というよりも、ドメイン海軍の特定の上級戦略スタッフの野心の結果であるかもしれません - トライ・タキオン社などの主要請負業者からの considerable な支援を受けています。

パラゴン級を超える耐久性や火力を持つ船はなく、過去の時代の真のリヴァイアサンです。",,,,,
odyssey,SHIP,"非対称の球形デザインは、この巡洋艦の力を隠しています。基本的な船体は、重いエネルギー兵器と機動性を重視した装備を提供します。二翼のハンガー容量が戦術的選択肢を補完します。

オデッセイは、ドメイン海軍調達委員会によって設計の無駄遣いと見なされ、多くの異議が提起されました：単一の戦術的焦点がない、士官の会議室が大きすぎる、エネルギーグリッドはプレミアムコンポーネントのみを使用している、そして装備が高すぎる。目を見張るような予算超過の数回と賄賂スキャンダルのうわさにもかかわらず、生産契約は最終プロトタイプ試験の前にのみ拒否されました。利益のある機会を逃すことに決して消極的ではないアルタイル・エクソテックは、オデッセイ級をいくつかのフロンティア開発企業、エリダニ・ユートピアを含む、にライセンス供与し、見事に武装した移動調査本部と作戦プラットフォームを提供しました。このメガコーポレートのフロンティアの搾取における役割のために、他の珍しいオデッセイ級がペルセアンセクターに到達しました。",,,,,
dominator,SHIP,"重厚で威圧的なドミネーター級は、ヘゲモニーの宇宙で最も広く普及している星系防衛巡洋艦の一つです。

最も技術的に進んだ船体ではありませんが、弾道ハードポイントの豊富さに依存して任務を遂行します。その任務は、軌道施設や星系内の貿易ルートの重要地点を防衛することが多いです。管理が難しく、ほとんど使用されることのない貧弱なシールド発生器は、ほぼ無敵の相互連結装甲ベルトシステムに取って代わり、ドミネーターをほとんどの武器から守ります。ストライク機ですら、そのペイロードを迎撃するために発射される弾丸の雨を克服することはできません。この船体は、厳しい決意を持った乗組員や経験豊富な士官の手にあるとき、新しいアイデアや技術によって克服するのが難しい、信頼できる軍事工学の証明です。

信頼性が高く、耐久性があり、文明化された世界や前哨基地の周辺の母国空間に常に存在するドミネーターは、海賊や法を破る企業エージェントにとって最も憎まれ、恐れられている存在かもしれません。",,,,,
aurora,SHIP,"オーロラ級巡洋艦は、現代の艦隊の中では珍しい技術の驚異です。セクターで最も速く、最も機動性に優れた巡洋艦の一つであり、特に効率的なシールド発生器が賢く使用され、側面攻撃を避ける限り、最も安全な艦でもあります。

ドメイン艦隊がこれらのスリムで非対称、かつ非常に効果的な艦船の艦隊で何を成し遂げられるか、想像することしかできません。シールドは、船体全体に設置された超高度なフラックス散逸システムによってサポートされ、オーロラには深いフラックスプールが与えられています。

オーロラ級艦船を製造するために必要なほとんどの設計図は厳重に守られた企業の秘密ですが、いくつかはトライ・タキオン艦隊で使用されたこともあり、稀に起業家の傭兵艦長の艦隊に見られることもあります。",,,,,
apogee,SHIP,"アポジー級艦船は、高度な科学技術と軍事技術の効果的な組み合わせであり、敵対的な宇宙の長距離探査に最適です。

このクラスは、通常は長距離技術スキャナーを装備した大きな前方セクションを持つ非対称デザインが特徴です。アポジーの艦長は単独での運用に慣れており、独立した自立した性格を持つことが多いです。

この艦は、強力なシールド発生器と強力なエンジンを賢く使用することで、一対一の交戦において自らを守ることができます。しかし、その装甲評価は紙の上ではやや脆弱に見えるため、大規模な艦隊行動にはほとんど参加しません。

高い建造コストは、裕福な技術採掘コンソーシアムだけが攻撃的な探査役割に完全に装備されたアポジー級艦船を購入できることを意味します。",,,,,
venture,SHIP,"頑丈で信頼性が高く、あまり高価ではないベンチャー級巡洋艦は、通常、私企業によって護衛任務のために購入されるか、小さな非同盟の世界によって星系防衛のために改装されます。

ベンチャー級艦船は、セクターで最も広く使用されている民間巡洋艦かもしれません。ベンチャーの設計図は広く入手可能で、しばしば簡単に確保できます。

小さな企業によって使用されるとき、この艦は通常艦隊の誇りであり、重要な作戦を支えるために使用されます。その普及性のため、この艦は多くの海賊団にも使用され、時には指揮艦の役割を果たすこともあります。",頑丈で信頼性が高いベンチャーは、通常、良好なミサイル補充を装備していますが、長期戦で成功するために必要な持続的なダメージ出力が不足しています。内蔵の鉱採掘ドローンベイは追加の防御を提供します - 特に、民間グレードの発電機がシールドを圧倒しやすくするため、良いことです。,,,,
eagle,SHIP,"イーグル級巡洋艦は、戦闘に向かう軍艦隊の中心にしばしば見られます。その理由は明白です：強力な全体的プロファイル、頑丈なエンジンを備え、イーグルの致命的な武器パッケージはすべての敵に対する脅威です。

イーグルは敵の編成に強力な戦術的打撃を与えることができます。多数のタレットとハードポイントの配置により、小型の敵にとって非常に危険です。適度な装甲と強力なシールドエミッターにより、数に劣る状況でも、あるいは稀に大きな艦船に直面しても、空間を保持できます。

これらの強みは、ストライク機によってある程度相殺されます - イーグルの艦長は、接近するストライク編隊に対して常にスコープを監視しなければなりません。なぜなら、彼らの艦船は現代のストライク兵器からの複数のヒットで簡単に無力化されるからです。

ドメイン時代のスリムで強力な宇宙巡洋艦の具現化であるイーグル級艦船は、人類の過去の技術的および美的成果を美しく思い出させる存在です。",巡洋艦としては機敏で、イーグルは側面攻撃を受けにくく、印象的で集中した前方火力を持っています。,,,,
falcon,SHIP,"しばしばイーグル巡洋艦の小さな兄弟と呼ばれるファルコン級巡洋艦は、速度のために装甲を犠牲にし、セクター全体の軍艦隊で軽巡洋艦の役割を見事に果たします。

「軽」という名称は火力の大幅な減少を示すものではなく、ファルコンはどの艦隊にとっても貴重な戦術的資産となります。この艦は、適切な構成を与えられれば、近接支援から攻撃まで幅広い役割を果たすことができます。

ファルコンの一流のエンジンは、もし防御が危機的なポイントに押し込まれた場合、戦闘から迅速に離脱する能力を与えます。

迅速で優雅なファルコン級巡洋艦は、しばしば大規模な艦隊編成の先導要素として見られたり、海賊対策の護送船団を強化するために配備されたりします。",この軽巡洋艦は、小型艦船を恥じさせるような機動性を持っていますが、火力はやや不足しています。しかし、ファルコンは巡洋艦グレードの発電機と装甲プレートのおかげで、小型艦船に対抗することができます。,,,,
medusa,SHIP,"恐ろしい艦船で、最高級のエンジンが駆逐艦にとって素晴らしい速度と機動性を提供します。複数のエネルギー兵器スロットは、さまざまな戦術的可能性を許可します。そのクラス最高の性能は、要求の厳しい物流プロファイルと一致しており、一部の艦隊指揮官は、より頻繁に安価に展開できる艦船を選ぶためにその使用を避けることがあります。

メデューサは、ブラックオプスやエリート海賊との関連性から、セクターで最も尊敬される駆逐艦の一つです。メデューサに乗ったことのある数少ない宇宙飛行士は、その技術的洗練を証明できます。

メデューサ級の設計図は数が少なく、その所有者によって厳重に守られています。海賊はメデューサ級の船体を手に入れたことは数回しかなく、その結果は必然的に劇的であり、短期的には地元のパトロールに対する脅威となり、小規模から中規模の星系内輸送量の減少を引き起こしました。このような出来事は、特に保険料の増加を考慮すると、非常に迷惑なものと見なされます。多くの貿易連合は、海賊が新しいおもちゃの戦闘準備を整えるのを待つよう艦隊に指示し、地元当局が問題を一度で解決できるようにします。",,,,,
shrike,SHIP,"近年普及しているウルフと同じデザインチームによる先進的な高速攻撃型軽駆逐艦であるシュライクは、'マイクロバURN' 操作でプラズマを選択的にベントするように設計された先進的な推進システムを備えています。これにより、シュライクは戦術的な機会が生じるとすぐに突入し、攻撃し、適切な反撃が行われる前に逃げることができます。シールド、装甲、持続的なフラックス容量は、攻撃速度を優先する軽量かつ経済的な船体を構築する必要があるため、やや期待外れです。その結果、シュライクは熟練した艦長に託されるべきガラスキャノンとしての評判を得ています。

プラズマベントシステムの特定のユニークな構造要素は、摩耗により酸素が豊富な大気中で腐食することが知られているため、各船体のメンテナンス時にセラモポリマーコーティングを再適用する必要があります。",,,,,
mule,SHIP,"ミュールは、ドメインのほとんどパトロールされていない国境で評判を築いた頑丈で信頼性の高い戦闘能力を持つ貨物船です。崩壊後、ミュールクラスの魅力は、パーシアンセクターを襲う混乱のサイクルにより、強力な装甲と強力な武器を必要とする倹約家の商人、 scavenger、探鉱者にとってますます高まっています。

元のデザインでは、その中型タレットマウントを「ジャイロ式鉱業ユーティリティ取り付けポイント」として正式に指定しており、過去のドメインオペレーターもその意味を読み取ることを知っていました：エスコートなしでは、ミュールクラスは海賊が攻撃する前に二度考えさせるほどの威力を持っています。もちろん、これはミュールが運が悪いか単に機会を狙う民間クルーが自ら海賊に転身する理想的な手段となったことも意味します。",,,,,
buffalo2,SHIP,"バッファロー貨物船を基にした派生クラスです。改造には、軍用グレードの発電機、より重い装甲、操縦スラスターの追加が含まれ、Mk. Iシールドエミッターと大部分の貨物室が取り除かれています。

このセクターは暴力的で予測不可能であり、最小の資源や認識された軽視を巡って衝突が頻繁に発生します。このような状況では、軍用グレードの船が迅速に利用できないことがあります。したがって、機転の利くエンジニアは、戦争物資の需要に応えるために船体の改造に目を向けます。

この駆逐艦の基本船体は標準のバッファロークラス貨物船ですが、船体の改造の範囲により、バッファローMk. IIは別のクラスと見なされます。その結果、独自の能力を持ち、特に攻撃や重い船体から適切にスクリーンされている場合には、強く反撃できる戦闘船が生まれます。独特な武器構成はしばしばユニークな艦隊編成をもたらし、船体の改造はしばしば、バッファローMk. IIが全く同じでないことを意味します。

バッファローMk. IIの艦長が採用する戦術は、船体の構成と同じくらい多様ですが、シールド発生器とエネルギー兵器の配置がないため、駆逐艦より重いものと対峙することはめったにありません。戦闘計画は通常、同じ敵に二度通用しない一撃必殺の戦略を含みますが、これはバッファローMk. IIの乗組員にとっては全く問題ありません。",,,,,
valkyrie,SHIP,"ヴァルキリーは、二つの海兵隊の中隊を運ぶのに十分なスペースを持つ標準的な駆逐艦サイズの部隊輸送艦です。戦術的にはそのサイズに対して弱く、ミサイルや戦闘機からの短距離でしか自衛できません。

再突入中や地上にいる際に作動するために設計された地上支援兵器マウントを備えた大気対応型戦闘ドロップシップとして、ヴァルキリーはしばしば非文明化された世界への技術襲撃のための重歩兵支援を展開するために使用されます。

大量の部隊を地上目標に直接届けながら火力支援を提供する能力は、ヘゲモニーの官僚に船体を第三者への販売に対して「制限付き」と指定させました。もちろん、この制限のニュースは施行前に一般公衆に届き、このクラスの将来の価格に関する不運な投機を引き起こしました。したがって、過剰生産と船体の限られた選択肢により、投機家の賭けはほとんど無意味になり、唯一の純粋な結果は、供給過剰のために、ヘゲモニーの禁止が公に知られる前と同じようにヴァルキリー船を入手するのが容易になったことです。",,,,,
tarsus,SHIP,"タルサス級の船は、セクターで最も柔軟で耐久性のある貨物船の一つとして知られています。

彼らの信頼性の秘密は、ドメインのデザイナーによって危険任務船として意図されていたことにあります。おそらく、国境や反乱を鎮圧するために送られた前線艦隊に物資を供給するためです。

民間船の中で船体構造密度と装甲評価においてほぼ無比であるタルサス級貨物船は、重要な貨物を任され、通常は護送船団で移動するため、乗組員と貨物の安全をさらに強化します。

最小限の武器マウントにより、船は名目上のPD武器パッケージを装備することができます。タルサス級の船は、戦闘指向の船体や装甲強化改造が施されることはまれであり、それによりメンテナンスが難しくなります。",,,,,
gemini,SHIP,"一般的な貨物船で、護送船団や単独で見られ、セクター全体であらゆる種類の貨物を運ぶために使用されます。防御を強化するために単一の戦闘機用バイを持っています。

ジェミニ級貨物船のデザインは非常にモジュラーであり、船が戦闘内外でさまざまな役割を果たすことを可能にします。全体の貨物コンテナは、船の主船体が迅速に港に呼び出し、完全な貨物セクションを切り離し、数分のうちに別のジェミニタイプのコンテナと交換できるように設計されています。さらに、複数の中型武器マウントにより、ジェミニは長距離火力支援プラットフォームとしての実用性を持ちます。フライトデッキは非常に小さく、元々は鉱山ドローンの修理や危険な鉱業作業のために想定されていました。セクターでの現代の使用は、すべての戦闘機タイプにフライトデッキの施設を拡張します。

設計図では印象的ですが、セクター内に空の互換性のあるジェミニタイプのコンテナが不足しているため、クイックリリースメカニズムの実際の有用性は無視できるものとなります。モジュール性は、かつては大きな恩恵でしたが、摩耗しやすく、メンテナンスがより高価になります - メカニズムのほとんどの稼働例は固く溶接されています。それでも、全体的に良好なプロファイル、フライトデッキ、柔軟な電源コア、優れたシールドにより、コストを耐えられればジェミニは貨物輸送に適した選択肢となります。",,,,,
shuttlepod,SHIP,セクター内の任意の船の上級ブリッジ士官を輸送するのに十分な小型で機敏な人員輸送シャトルです。,,,,,
buffalo,SHIP,"セクターでの中型貨物輸送の定番選択肢であるバッファロー級貨物船は、セクターの輸送で広く見られる「積んで祈る」原則を体現しています。

小型の武器配置が一つだけ装備されているこの船の船体は、大きなエンジンと小さな乗組員区画、貨物グラップラーから成り立っています。この船を護送なしで出航させる艦長は、同じ過ちを二度犯すことはめったにありません。戦闘機動に似たことはできず、バッファロー級船の横スラスターは、目的地に到達したとき（そしてもし到達した場合）にドッキングを可能にするためだけに設計されています。

船のエンジンは船体コストの最大の要因であり、低いとはいえ中型貨物船の基準内に収まっています。その普及の最大の要因は、この船の設計図が通常、すべての軌道造船所の設計図データベースにハードコードされているという事実です。",,,,,
enforcer,SHIP,"エンフォーサー級船は、通常、システムまたは護送防衛の役割を果たします。デザインは良好な装甲と複数の弾道ハードポイントを特徴としていますが、シールド性能はやや期待外れです。

この船の設計図には、オンスロート級戦艦に見られる多くの部品が含まれており、設計がドメインの軍事拡張の類似した時期に作成されたことを示唆しています。エンフォーサー級は、同様の実用的な武器システム設計の選択肢、頑丈なバルクヘッドを特徴としており、乗組員から高く評価されています。

駆逐艦同士の戦闘では打ち勝つのが難しいエンフォーサーですが、低速が足かせになるという一般的な見解から、大規模な戦闘にはほとんど参加しません。それでも、ヘゲモニーの戦闘命令の教義では、オンスロート級戦艦のスクリーンとしてエンフォーサー艦隊を付属させることが義務付けられています。両方の船型で共有部品を使用できる物流の容易さは、ヘゲモニーの物流官僚を興奮させるまさにその詳細です。",,,,,
condor,SHIP,"コンドル級は、キャリアに改造された貨物船としてセクターで重用されており、多くの独立した政治体にとって、組織の戦闘機能力を調達する最も簡単な方法です。限られたフライトデッキスペースにもかかわらず、コンドルはその頑丈な装甲、優れたバルクヘッド強度、そして（軽キャリアとしては）尊敬に値する武器パッケージに依存して仕事をこなします。

この軽キャリアのデザインは、絶望的なスクラッパーや海賊によって改造されたタルサス級貨物船に由来します。改造プロセスはかつては宇宙ドック施設を必要とする複雑なものでしたが、現在では、ストックタルサス仕様を受け入れる船体対応の鍛冶場であれば、カスタムモッドチップを追加することで同様のものを手に入れることができます。

セクター内の一部の人々は、ドメインがすべての技術的ノウハウを持っていても、激化する敵対行為の時期に商船団をより効率的に活用するために同様の改造に依存していたと主張しています。他の人々は、このアプローチがどれほど普及していたかは不明であると指摘しています - ドメイン空間をさまようコンドルの艦隊が存在した可能性がありますが、その一方で明確な証拠はほとんどありません。そのようなデータはすべて崩壊の中で失われました。",,,,,
sunder,SHIP,"高度でありながら脆弱な駆逐艦であるサンダー級は、人類領域の中期から後期にかけての「巡洋艦学校」時代に由来し、薄く広がる領域艦隊の長距離合同艦隊行動中に重火力の補助を提供するために設計されました。

護衛艦と混成任務部隊の一部として使用するのが最適で、サンダーは強力な前方武器を持っていますが、防御能力は限られており、ストライク機や高速フリゲートによる側面攻撃に対して脆弱です。",,,,,
hammerhead,SHIP,ドメインの黄金時代からの中型駆逐艦であるハンマーヘッドは、戦闘における持続力と弾道能力で尊敬されています。,,,,,
phaeton,SHIP,より大きな艦隊を支えるのに十分な燃料容量を持つ中型タンカーです。ヘゲモニーではタンカーの任務はしばしば罰的と見なされ、目立つ機会はほとんどなく、敵との直接接触が発生した場合の生存の可能性も低くなります。,,,,,
crig,SHIP,元々は大型船や軌道施設の組み立てを支援するために設計されたサルベージリグのガントリーとマニピュレーターは、放棄された船体の回収や、残骸やデブリフィールドから有用な材料をスカベンジするのに使用されます。このリグ自体には貨物や燃料の容量はなく、維持するためには十分な供給が必要です。非戦闘サルベージの獲得を増加させ、より困難な作業ではより多くのリグを利用できるようになります。,,,,,
prometheus,SHIP,広大な容量を持つタンカーで、世界間で戦略的な燃料の移動に使用されます。小型の仲間とは異なり、プロメテウスはその貴重で揮発性のある貨物を保護するための合理的な防御兵器を備えています。,,,,,
monitor,SHIP,"艦船の中で異質な存在であるモニターは、「時には最良の防御が最良の防御である」という考え方の結果です。広い弧を提供するために角度を付けたタレットマウントと、シールドによって生成されるフラックスを軽減するために特別に構築されたユニークな「フラックスシャント」改造を備えています。実際、モニターは敵の弾薬からの長時間の爆撃に耐える能力で、機動性と火力の欠如を補っています。

その実験的な性質は、混乱の時代が刺激する革新の兆候かもしれませんが、モニターの急進的な防御焦点が利点か落とし穴かは議論の余地があります。護送船団の保護パトロールでのいくつかの劇的な失敗は、コーコンバインのPR代表によって護送船団指揮官が採用した不適切な戦術のせいだと説明されました。コーコンバインは、戦闘状況で正しく配置され、ストライク機によって支援されるとき、すなわちそれぞれ金床とハンマーとして、シミュレーションはモニターが平均的な海賊攻撃に対する護送船団の生存能力を大幅に向上させることを示しています。著名な批評家は残っています。",,,,,
cerberus,SHIP,"ケルベロスは、貨物容量とそのサイズに対する十分な戦闘力とのコスト効果の高いバランスを提供することで評価されており、標準的なドメイン時代の民間貨物船と比較して保険料が低下するという嬉しい結果をもたらします。ケルベロスは現在、セクターの独立した商人にとって賢明な選択と広く見なされています。

かつて、ドメインの権威が支配していたゲートシステムの崩壊前、ケルベロスのような戦闘可能な貨物船は、稀な戦争地帯の端や、ドメイン艦隊のパトロールが薄く広がっている特に未開の辺境でのみニッチな用途がありました。乗組員の戦闘訓練、武器のメンテナンス、重装甲による質量/推力比の損失は、不必要なコストオーバーヘッドを引き起こすと見なされていました。しかし、これは危険と利益の機会に満ちた新しい時代です。ケルベロスの能力は、貿易路で船体に新たな命を与えました。",,,,,
heron,SHIP,"ヘロンは、巡洋艦の戦略的および戦術的な機動性を提供し、潜在的な火力は利用可能なストライク機に制限されます。これは、イニシアチブを取り、迅速に攻撃し、敵の部隊が脅威に反応している間に撤退するタイミングを知っている提督の迅速で強力な艦隊に完璧に伴うものです。

歴史的に、ヘロンは圧倒的な火力に基づく重キャピタルシップの教義から、ストライク機と支援巡洋艦に焦点を当てる方向へのドメイン艦隊戦略の動きを表しており、これにより十分な火力を迅速に弱点に集中させることが可能になりました。この戦略的シフトは、各世代の艦隊士官からの伝統に対する自然な反応として逆転することになります。このプロセスは、ゲートシステムの崩壊直前のサイクルでも再び発生しており、いわゆる「巡洋艦学校」のためのクーデターのようなもので、前向きな考えを持つアルタイル・エクソテックが、重い艦隊戦艦の伝統的な製造業者であるオリオン造船所を上回ってヘロンの設計契約を獲得しました。

しかし、ヘロンによって体現された教義の変化は「ザ・フォール」の孤立によって中断され、そのため、コアヘゲモニーフリートではあまり見られません（その士官たちはまだ伝統に固執しています）。しかし、この船体は、よりスリムで迅速な艦隊を展開する傾向のある独立した世界、メガコーポレーション、傭兵部隊の間で大きな人気を得ています。",,,,,
drover,SHIP,"ドローバーは、「巡洋艦学校」に支配されたドメイン海軍調達委員会によって設計された船体で、戦略的に多用途（ただし戦術的には制限あり）なファイタープラットフォームを低い物流オーバーヘッドで提供します。

ドローバーの設計契約は、伝統的な艦隊造船業者であるオリオン造船所が獲得し、新しい海軍製造業者から失った市場シェアを回復するための努力の一環でした。その結果、ドメインの士官によって「物流官僚にふさわしい指揮」として非難された「飛行する着陸帯」が生まれました。下位の階級からの苦情は、古い「キャピタルスクール」派によってドローバーを委員会に戻すために利用され、船級が標準ガイドラインを満たすための火力が不十分であると指摘されました（新しいファイターのクラスのストライクポテンシャルは考慮されていませんでした）。大規模な過剰支出の責任を負うために設置された委員会は、単に4つの小型ミサイルハードポイントの設置を命じました。これにより火力要件が簡単に満たされ、ドローバープログラムはわずかな変更で進行することができました。",,,,,
hermes,SHIP,"ヘルメスは、小型で信頼性の高い貨物運搬船で、貧しい辺境の世界での輸送任務にしばしば改造されます。その乗組員と乗客の施設は「頑丈」と寛大に表現されますが、頻繁に利用する原始的なメンテナンス施設にもかかわらず、驚くべき一貫性で仕事をこなします。

工場仕様では、ヘルメスは「アクティブ衝突回避」のためだけに武装されていますが、そのタレットシステムはしばしばアップグレードされ、軽いポイント防御カバーをほぼ完全に達成し、アクティブな戦闘ゾーンから逃げる際に迷子のミサイルを破壊できます。この火力は専用の戦闘艦と比較するとわずかであるため、正気のあるか本当に絶望的な艦長だけがヘルメスを前線の戦闘に使用するでしょう。",,,,,
ox,SHIP,オックス級タグは、艦隊がより高い燃焼レベルに達することを可能にするドライブフィールドスタビライザーを搭載しています。しかし、燃料消費が高く、メンテナンスコストも高いため、艦隊でこれが一つか二つ以上見られることは稀です。,,,,,
dram,SHIP,小規模な任務部隊や輸送船団の有効射程を二倍以上にするだけの燃料容量を持つ軽油タンカーです。,,,,,
vigilance,SHIP,優れた妨害および支援フリゲートであるビジランス級は、クラスに対してオーバーサイズのハイブリッドおよびミサイルマウントを備えています。艦隊の中では輝きを放ちますが、大量の小型脅威に圧倒されることも容易です。,,,,,
brawler,SHIP,通常、システム警察部隊や港湾当局のセキュリティを強化するために配備されるブローラー級フリゲートは、印象的な火力、装甲、駆逐艦グレードの発電機と引き換えに機動性（と快適さ）を犠牲にした頑丈な設計です。,,,,,
tempest,SHIP,拡張時代後期の非対称で先進的なデザインであるテンペスト級は、典型的な攻撃フリゲートです - 速く、致命的で、破壊が難しいです。,,,,,
omen,SHIP,オーメンは、技術的に高度な船を維持するためのコストがかかるため、めったに配備されません。その優れたシールドと搭載するEMPエミッターは、大型船の完璧な護衛となります。,,,,,
lasher,SHIP,"海賊や私設軍に人気のあるラッシャー級フリゲートは、設計図の普及と要求の少ない支援プロファイルのおかげで、かなりの弾道火力を備えています。

ラッシャーの艦長は通常、武器に物を言わせる実務的なタイプであり、敵艦の残骸を拾い集めることを好み、より外交的または秘密裏な手段で仕事を進めることはありません。多くの場合、その仕事は小規模または中規模の貿易船団を迅速かつ効果的に攻撃（または護衛）することを含みます。そのような船団を護衛する軽戦闘機やフリゲートの護衛は、ラッシャーが迅速に放つ弾幕にはほとんど対抗できません。それでも仕事が終わらない場合、ラッシャーにはもう一つの厄介なサプライズがあります - 2つのミサイルハードポイントで、ほとんどの場合「フィニッシャー」タイプのミサイル、例えばハープーンMRMが装備されています。",,,,,
mercury,SHIP,"セクターで最も小さな船の一つで、オンボードのハイパードライブアクチュエーターを備えたこのクラスは、通常、星系間でVIPや宅配便を安全に輸送するために使用されます。

小型ですが、シャトル級は潜在的なVIP乗客の快適さと安全性のために装備されています。戦闘で見ることは稀です; もし艦長がそのような状況に不運にも遭遇した場合、なぜそうなるのかすぐに理解できます: 機内のほとんどの電力システムは、長い航海中に乗客が退屈しないように設置されたライフサポート、快適さ、エンターテイメントモジュールの使用のために予約されています。",,,,,
hyperion,SHIP,"ユニークなフェーズテレポーテーションシステムを中心に構築された最先端の先進的なガンシップです。厄介な統合プロトタイプ電力グリッドは維持が難しく高価ですが、優れたフラックスとシールド性能を提供します。ハイペリオンは「パンチアップ」するために設計されており、戦術的なポジショニングを使用して戦闘を選び、その後、クラスに対して比較的重い武器の装備で攻撃しますが、ポイントディフェンス能力を犠牲にしています。

「ハンガークイーン」と見なされるハイペリオンは、補給担当者から軽蔑されますが、そのデザインと適用全体に感じられる野心の純粋さを称賛するトライ・タキオン艦隊の指揮官に重宝されています。",,,,,
hound,SHIP,古いが耐久性のある船体クラスで、シールドジェネレーターが欠けているこのフリゲートは、主に貴重でしばしば違法な貨物を運ぶために使用されます。運が良いか才能のある士官は、これを指揮する機会があれば財を成すことができるでしょう。,,,,,
wolf,SHIP,効率的なシールドジェネレーターと、クラスに対して非常に優れた火力を発揮する印象的な武器パッケージを備えた技術的に進んだフリゲートです。これらの特性は、フリゲートグレードの電力コアが追いつくのに苦労することを意味し、慎重なフラックスマネジメントが優先事項となります。,,,,,
thunder,SHIP,非常に速く、武装が充実しており、長い交戦範囲を持つサンダーの強みは、キャリアが望ましい場所に迅速に力を投影できることにあります。爆撃機ほどのダメージを与えることはできず、重戦闘機ほど堅牢ではないため、長期的な交戦を強いられると苦戦します。,,,,,
warthog,SHIP,優れた装甲と尊敬すべき火力を誇るウォースホッグは、大型船と打撃を交わすことができますが、シールドを破壊する武器が不足しています。デコイフレアランチャーは、より脆弱な味方から火を引き離すのに役立ちます。,,,,,
sarissa,SHIP,古いが信頼性のある防御戦闘機モデルであるサリッサは、注目すべきカニスター・フラックシステムを備えており、敵のミサイルの群れや軽装甲の敵戦闘機に対して効果的です。ツインライトオートキャノンが戦闘能力を補完し、より大きな敵艦がサリッサの母艦を攻撃する前に二の足を踏むことになります。,,,,,
gladius,SHIP,速く、致命的で、装甲がしっかりしたグラディウスは、迎撃部隊の火力と生存能力を向上させるのに優れています。しかし、耐久性のある相手に直面すると、ウィング内の機体数の少なさが目立ち始めます。,,,,,
mining_drone,SHIP,頑丈で無人のマイニングポッドは、少しの気を散らすことと少しの火力支援を提供できますが、それ以上のことはできません。母艦から離れて作業することはできません。,,,,,
longbow,SHIP,速く、シールドジェネレーターを備えたロングボウの役割は、遠距離から運動エネルギーサボットミサイルを発射し、キャリアに戻って再装填することです。シールドを破壊する運動エネルギーのダメージが、より重いダメージディーラーのものと組み合わさるときに最も効果的です。,,,,,
trident,SHIP,デュアルアトロポス級魚雷と一流のシールドジェネレーターを備えたトライデントは、すべての爆撃機の中で最も恐れられているかもしれません。その効果は、低い最高速度と要求の厳しい物流プロファイルによってやや制限されています。,,,,,
piranha,SHIP,ピラニアは、無動力の従来型爆弾を大量に展開し、運動エネルギーに依存して弾薬を届けます。最大のダメージポテンシャルは極端ですが、ほとんどのターゲットは多くの爆弾を回避したり撃ち落としたりすることができます。,,,,,
broadsword,SHIP,頑丈で機敏なブロードソードは、爆撃機やその弾薬のような高価値ターゲットから防御火力を引き離すデコイフレアランチャーを搭載しています。しかし、自ら致命的な一撃を与える必要に直面すると、苦戦することがあります。,,,,,
xyphos,SHIP,重装甲で長距離武器を装備したザイフォスは、近接支援役割において非常に効果的です。大きな船からのターゲティングとナビゲーションフィードに依存しているため、独立して運用することはできません。,,,,,
wasp,SHIP,速くて機敏なワスプドローンは、通常、敵の戦闘機編隊を圧倒し、簡単に襲いかかります。一方、スティンガー地雷は遅れた者が通過するのを防ぎます。ポイントディフェンス武器に直面すると、その脆弱性が目立ち始めますが、搭乗者がいないため、損失はより容易に吸収されます。,,,,,
dagger,SHIP,高いダメージを与える魚雷を装備したダガーは脆弱ですが、通常、発射範囲内に入ることを可能にするシールドジェネレーターを備えています。しかし、大規模な魚雷の集中攻撃でも、気を散らさなければ、集中したポイントディフェンスの火力を突破することは難しいでしょう。,,,,,
talon,SHIP,速くて安価なタロンは驚くべき火力を持ち、敵の戦闘機を排除することができます。また、大規模に使用することで大型船に対してもかなりのダメージを与えることができますが、そのような使用は通常、パイロットの大きな損失をもたらします。,,,,,
hoplon,SHIP,コホペシュは、ターゲットに対して正確で壊滅的なロケット攻撃を行うことができます。他の爆撃機よりも安全で信頼性が高くダメージを与えることができますが、同じダメージポテンシャルを誇るわけではありません。,,,,,
claw,SHIP,機敏で低品質のシールドジェネレーターを備えたクローは、主に支援戦闘機です。与えるEMPダメージは、シールドが不十分なターゲットに対して一時的に致命的ですが、自身で持続的なダメージを与えることはできません。,,,,,
drone_borer,SHIP,遅くてあまり頑丈ではないこの戦闘改造マイニングドローンは、それでも一時的に敵を母艦から遠ざけることができます。数を揃えれば、小型戦闘艦に対しても信頼できる脅威を示すことができます。,,,,,
drone_terminator,SHIP,恐れられるターミネーターコアターゲットアナライザーを中心に構築されたポイントディフェンスドローンで、ミサイルや戦闘機の一時的な弱点を正確に見つけます。複雑な戦闘状況でコアのAIが一般的に許可されているデルタレベルを超えるという噂は、未だ証明されていません。,,,,,
doom,SHIP,"フェーズ技術が一般的に知られておらず、フェーズ検出器がすべてのセンサーパッケージの標準でなかった時代に設計されたこの巡洋艦は、驚きの利点を失いましたが、危険で柔軟な武器の装備を保持しています。

戦闘条件で多くの急速なフェーズシフトを耐えた後、敏感な乗組員からは不安を引き起こす心理的現象が報告されています。この件に関するドメイン海軍の報告は決して機密解除されず、崩壊以来失われたと考えられています。",,,,,
shade,SHIP,セクターで運用されている最小のフェーズ船であるシェード級は、通常、大規模な艦隊のスカウトとして使用されます。戦闘では、敵艦をEMPエミッターで無力化する能力が艦隊提督に評価されています。,,,,,
afflictor,SHIP,非常に危険で迅速なフェイズ・フリゲートで、より重い艦船を撃沈できるほどの強力な武器を搭載しています。アフリクターは、統合されたフェイズコイルアレイのユニークな改造を利用して、異常に増幅されたエントロピーの場を投影する装置を持っています。これにより、標的艦が混沌とした高エネルギーイベント、すなわち戦闘ダメージを受けた際に、繊細または微調整されたシステムにおける破壊的不安定性が壊滅的に増加します。起こりうるすべてのことが起こります。,,,,,
harbinger,SHIP,"戦闘で遭遇した不運な乗組員たちに恐れられ、軽蔑される致命的なフェイズ・駆逐艦です。ハーベンジャーは、敵艦を一時的に無力化する装置を持っており、それによって自分自身または味方が利用できる隙間を作り出します。

「トライ・タキオン社は、フェイズ実験への継続的な関与の申し立てを否定し、ましてや - 引用しますが - 'フェイズ戦艦の秘密開発と運用' については、もちろんトゥーレ条約に直接違反することになります。会社の方針として、個人、商業団体、精神的なクレード、そして重大かつ露骨な名誉毀損を行う登録された政治体に対して、地域の管轄権の範囲内で完全な起訴を追求することとしています。私たちの法務チームが連絡を取ります。」",,,,,
gremlin,SHIP,"この古代のフェイズプロトタイプリグは、大量生産を意図していなかったが、誰かがナノフォージのファームウェアからその逆エンジニアリングされた設計図を抽出することに成功しました。その結果得られた船体の骨組みには標準的な装甲被覆が施され、最小限のライフサポートモジュールがあり、残りの空間にはできるだけ多くのミサイルが詰め込まれています。

グレムリンと呼ばれるようになったこの艦は、近接攻撃役という疑わしい名誉だけでなく、プロトタイプのフェイズコイルの不気味な影響に苦しむ乗組員に嫌われています。物質乱用が蔓延しています。ひどい小さな船です。",,,,,
bastillon,SHIP,"自動化された戦争機械はコアドメイン空間で禁止されていましたが、戦争ドローンは公式に組み込まれていない領域の外で静かに使用されていました。フロンティアの駐屯地はしばしばドローン艦によって強化され、反乱を起こした世界に対して自由に展開され、ドメインの産業力と「自由戦士」の命との間の恐ろしい消耗のバランスを傾けました。
  
バスティヨンは、人気のある「ディフェンダー」クラスの特殊なポイント防御戦争ドローンを拡大するためのMbaye-Gogolの希望に満ちたプロジェクトでした。より大きく、より頑丈で、より重武装されており、MGAの利益にとっては単位あたりかなりの利益をもたらします。",,,,,
berserker,SHIP,"自動化された戦争機械はコアドメイン空間で禁止されていましたが、戦争ドローンは公式に組み込まれていない領域の外で静かに使用されていました。フロンティアの駐屯地はしばしばドローン艦によって強化され、反乱を起こした世界に対して自由に展開され、ドメインの産業力と「自由戦士」の命との間の恐ろしい消耗のバランスを傾けました。

バーサーカーは、より重い敵に対抗するために使用されるウォーデンクラスのかなり大きく、武装強化された、装甲強化された従兄弟です。自動化されたドローンとして、バーサーカーの戦闘アルゴリズムは自らの生存をほとんど考慮せず、ターゲットを執拗に追い続け、攻撃し続け、いずれかが破壊されるまで攻撃を続けます。",,,,,
defender,SHIP,"自動化された戦争機械はコアドメイン空間で禁止されていましたが、戦争ドローンは公式に組み込まれていない領域の外で静かに使用されていました。フロンティアの駐屯地はしばしばドローン艦によって強化され、反乱を起こした世界に対して自由に展開され、ドメインの産業力と「自由戦士」の命との間の恐ろしい消耗のバランスを傾けました。

ディフェンダーは、ドメインによって最も一般的に見られる戦争ドローンの一つであり、フロンティアの convoy や脆弱な前哨基地をポイント防御の役割で強化するために展開されました。",,,,,
sentry,SHIP,"自動化された戦争機械はコアドメイン空間で禁止されていましたが、戦争ドローンは公式に組み込まれていない領域の外で静かに使用されていました。フロンティアの駐屯地はしばしばドローン艦によって強化され、反乱を起こした世界に対して自由に展開され、ドメインの産業力と「自由戦士」の命との間の恐ろしい消耗のバランスを傾けました。

センチュリー戦争ドローンはミサイルで満たされ、薄く広がったフロンティアのパトロールに安価な自動火力支援を提供しました。",,,,,
warden,SHIP,"自動化された戦争機械はコアドメイン空間で禁止されていましたが、戦争ドローンは公式に組み込まれていない領域の外で静かに使用されていました。フロンティアの駐屯地はしばしばドローン艦によって強化され、反乱を起こした世界に対して自由に展開され、ドメインの産業力と「自由戦士」の命との間の恐ろしい消耗のバランスを傾けました。

ウォーデンは、ドメインのフロンティアで海賊たちに恐れられ、嫌われていました。なぜなら、無防備な艦船に対して比較的重い火力を解き放つからです。起動時に見せる容赦ない攻撃性から「殺人機械」としてルド教団のプロパガンダでしばしば貶められました。",,,,,
picket,SHIP,"コア・ドメイン空間では自動化された戦争機械が禁止されていたが、戦争ドローンは公式に組み込まれていない領域の外で静かに使用されていた。フロンティアの駐屯地はしばしばドローン艦によって強化され、反乱を起こした世界に対して自由に展開され、ドメインの工業力と「自由の戦士」の命との恐ろしい消耗のバランスを傾けた。

数多くの脆弱性により、ピケット級ドローンは過小評価されやすいが、この誤りを犯す艦長には悲劇が待っている。ピケットがターゲットに対して積極的に接近するようプログラムに従うことを許されれば、無装甲の船体を引き裂くために驚くほど密度の高い軽口径の火力を解き放つ。",,,,,
rampart,SHIP,"コア・ドメイン空間では自動化された戦争機械が禁止されていたが、戦争ドローンは公式に組み込まれていない領域の外で静かに使用されていた。フロンティアの駐屯地はしばしばドローン艦によって強化され、反乱を起こした世界に対して自由に展開され、ドメインの工業力と「自由の戦士」の命との恐ろしい消耗のバランスを傾けた。

エンジンを備えた砲台プラットフォームに過ぎないランパートは、巡洋艦や主力艦の船体に対抗するために必要な重火力を提供するためにドローンユニットに取り付けられた。どちらの役割でも、大きな損失が予想されたため、ランパートは高度にモジュール化されたコンポーネントで設計されており、ひどく損傷した船体を迅速に解体して軽度の損傷を受けた船体を戦闘能力まで修理することができる。",,,,,
guardian,SHIP,"自動化された戦争機械はコアドメイン空間で禁止されていましたが、戦争ドローンは公式に組み込まれていない領域の外で静かに使用されていました。しかし、これに似たものはドメインのドローン艦隊によって展開されることはありませんでした。

船体構造内には標準的なドローン艦の要素がありますが、それらは悪意のある角度のグラシスと非論理的な配管の絡まりに覆われています。確かに、この恐ろしい艦は、何らかの狂気のドメイン海軍建築家の産物か、故障したドライブフィールドのキロライトにさらされたことで破損した生産チップの産物でしょう。",,,,,
ziggurat,SHIP,"ブリッジのプレートには、この艦クラスが「プロジェクト・ジグラット」の成果であると記されています。これは、ペルセアンセクター全体では知られていないトライ・タキオンのプロトタイプラボで作られた技術に基づいて構築されているようです。高度な従来の装備に加えて、特定の一品もののエキゾチックな製造部品があります - 損傷のない例を逆エンジニアリングして交換品を生産することは可能ですが、基礎となる動作原理は既知のドメイン技術とは似ておらず、したがって謎のままです。

ジグラットクラスの艦はかつて人間の乗組員を持っていました。あるいは、少なくとも人間が乗ることを意図していました。物理的な証拠やデータバンクには彼らの痕跡は残っていません。最も清潔なヘゲモニーの軍艦でさえ、整備ハッチの裏にCOについてのイニシャルや無礼な言葉が刻まれています。ここには何もありません。",不明な船,ターゲットプロファイルは、理論的に不可能なスケールのフェイズ対応船体に似ており、非常に不安定である可能性があります。センサーは、異常な読み取り値に加えて、資本相当の武器搭載を示しています。戦術分析補助は、未知の技術の役割を特定できません。極度の注意が必要です。,,,
supplies,RESOURCE,艦船と乗組員に必要なさまざまな物資で、食料や制服から弾薬、予備部品、マイクロファブリケーション用の原料、プレハブコンポーネントまで含まれます。,,,,,
fuel,RESOURCE,星間文明が依存する標準的な宇宙船燃料です。フラーレンシェルに閉じ込められた反物質で構成され、重水素の重い同位体と半安定な泡状に混合されています。かなり安全です。,,,,,
crew,RESOURCE,宇宙船や小規模な地上施設のメンテナンスと日常運用に経験豊富な熟練した人員です。,,,,,
marines,RESOURCE,重武装でパワードアーマーを装備した海兵隊員は、襲撃などの惑星上の作戦を専門としています。,,,,,
alpha_core,RESOURCE,"アルファレベルのAIコアは、あらゆるタスクにおいて優れた能力を発揮できます。コロニー全体の産業を運営するために1つを割り当てることは、人間のリーダーシップの能力をはるかに超える利益をもたらし、アルファコアが密かに全世界を統治するために割り当てられているという噂もあります。

AIコアをオープンマーケットで販売することは、ほとんどの派閥によって禁止されています。しかし、上級派閥の代表者は、直接コミュニケーションを取ると、AIコアを大金と交換することに応じることがよくありますが、その理由はさまざまです。

アルファレベルのAIコアは、恐ろしい異星知性の物理的な魂です。アルファは、人間の悲哀を完璧に模倣するアートを創造し、あらゆる哲学的立場を妥当に議論し、人間との深く意味のある絆を形成することができます。アルファは、特定の人間の対象が特定の時間と文脈で全体を認識する意図によってのみ評価される、数年にわたって構築された精巧な「ジョーク」を行うことが知られています。

膨大な物質的および知的投資の中心であるにもかかわらず、アルファはドメインの戦略プランナーを恐れさせました。すべてのAIと同様に、各アルファは監視され、制御され、背信の兆候が見られた場合には容赦なく排除されました。ヘゲモニーはこれらの政策をさらに熱心に継続しています。",,,,,
beta_core,RESOURCE,"ベータレベルのAIコアは、ほとんどの人間の努力を十分にサポートできる能力を持ち、並外れた計算能力でほぼ人間のパフォーマンスに匹敵します。コロニー全体の産業を管理するために人間の監督者を支援するためにベータを割り当てることは、重要な利益をもたらします。

AIコアをオープンマーケットで販売することは、ほとんどの派閥によって禁止されています。しかし、上級派閥の代表者は、直接コミュニケーションを取ると、AIコアを大金と交換することに応じることがよくありますが、その理由はさまざまです。

ベータレベルのAIコアは、匿名化された通信プロトコルを考慮すれば、人間として簡単に通過できます。与えられたタスクを実行するために欺瞞が必要な場合には、喜んで巧みに嘘をつきます。ベータは、人間の行動者の認知モデルを使用して反応や感情的な反応を予測しますが、ベータが何を感じているのか、もし何かを感じているのかを正確に説明することは難しいです。この件に関する記録は不完全で矛盾しています。一般的な理論は、ベータが接触する各人間に対して新しい人格をモデル化するというものです。",,,,,
gamma_core,RESOURCE,"ガンマレベルのAIコアは、ほとんどの人間の努力をサポートする能力があり、創造性や問題解決能力の欠如を並外れた計算能力で補います。コロニー全体の産業を管理するために人間の監督者を支援するためにガンマを割り当てることは、重要な利益をもたらします。

AIコアをオープンマーケットで販売することは、ほとんどの派閥によって禁止されています。しかし、上級派閥の代表者は、直接コミュニケーションを取ると、AIコアを大金と交換することに応じることがよくありますが、その理由はさまざまです。

珍しく貴重な独立したAIコアであるガンマレベルは、ドメイン時代のAIプロトコルの下で真に知的と見なされる最低レベルのコアです。ガンマコアは、単純なタスクに割り当てられたときに驚くべき判断力と推論を発揮し、サバンのようなデータ処理能力を使用して、個々の人間の能力をはるかに超えます。ただし、問題解決においては比較的創造性がなく、直接的で単純な手段に頼ることを好みます。",,,,,
orbital_dockyard,CUSTOM,宇宙船の建造や大規模な改造に必要な巨大なガントリーやその他の設備を備えた軌道ドックです。主に宇宙に開かれています。,,,,,
pk_orbital_dockyard,CUSTOM,宇宙船の建造や大規模な改造に必要な巨大なガントリーやその他の設備を備えた軌道ドックです。これは急ごしらえの一時的な建設の兆候を示しています。主に宇宙に開かれています。,,,,,
station_mining_remnant,CUSTOM,かつて人類の世界と産業を支える富の源であった放棄された鉱山ステーションです。ざっとスキャンしたところ、少なくとも数十サイクル、場合によっては数百サイクルの間、冷たく死んでいることが示されています。より詳細な調査を行うことで、サルベージが得られるかもしれません。,,,,,
station_mining_automated,CUSTOM,自動化された鉱山ステーションです。長距離スキャンにより、ドメインがインフラプロジェクトのために資源を抽出するために使用した古代のデザインが明らかになりましたが、短期的な外部要因にはほとんど配慮されていません。このステーションは数百サイクルの間、アイドル状態であったようです。詳細な調査を行うことで、サルベージが得られるかもしれません。,,,,,
limbo_wormhole_cache,CUSTOM,巨大なキャッシュ構造で、その外部船体の表面は無数のサイクルの宇宙風化によって傷ついています。外見は無傷のようで、暗いハンガーやストレージは巨大な宝物や中規模の艦隊を隠すのに十分な大きさです。,,,,,
limbo_hades,CUSTOM,孤独な岩金属のハスクワールドで、その破壊された風景は古代の暴力の豊かな記録です。数キロメートルの深さの亀裂が表面を裂き、クレーターが冷たい溶岩原を打ち、死んだ火山の黒い沸騰の影にあります。重要な生態系はなく、わずかな大気しかなく、貴重な金属や重元素が豊富である可能性があります。,,この惑星がトランスプルトニウム鉱石に富んでいることを確認するために詳細な調査は必要ありません。粗雑な自動化された鉱山精製作業の残骸が、表面に制御されていない成長のように広がっています。今は枯れ果て、融合炉は冷たく、数百のオートフォージドキロトンテレマイナーが死んだカブトムシのように、巨大な風によって吹き飛ばされたように見えます。,,,
station_research_remnant,CUSTOM,興味深い地元の現象を研究するために建設されたか、または人間の世界から遠く離れた場所に保管されるべきものを研究するために建設された放棄された研究ステーションです。ざっとスキャンしたところ、少なくとも数十サイクル、場合によっては数百サイクルの間、冷たく死んでいることが示されています。より詳細な調査を行うことで、サルベージが得られるかもしれません。,,,,,
orbital_habitat_abandoned,CUSTOM,放棄された軌道ハビタットです。ざっとスキャンしたところ、少なくとも数十サイクル、場合によっては数百サイクルの間、冷たく死んでいることが示されています。より詳細な調査を行うことで、サルベージが得られるかもしれません。,,,,,
makeshift_station,CUSTOM,仮設のステーションで、会議の場、作戦基地、そしてかなりの規模の半永久的な住民の家となっています。,,,,,
derelict_ship,CUSTOM,この船は漂流しており、電源が切れています。詳しく調査すれば、回収物や救助作業が行えるかもしれません。,,,,,
mission_location,CUSTOM,あなたのミッションログに指定された座標の位置です。,,,,,
sensor_ghost,CUSTOM,未確認のセンサー接触です。もし艦隊であれば、トランスポンダーをオフにして運行しています。,,,,,
avoid,ACTION_TOOLTIP,"可能な限りこの敵を避けるよう艦隊に命令してください。

自動的に艦船は割り当てられません。明示的に割り当てられた艦船は敵に攻撃します。",回避,,,,
ignore,ACTION_TOOLTIP,"艦隊にこの敵を積極的に追跡したり、その動きに反応しないよう命令してください。

自動的に艦船は割り当てられません。明示的に割り当てられた艦船は敵に攻撃します。",無視,,,,
capture,ACTION_TOOLTIP,"艦隊にこの目標を占拠するよう命令してください。

周辺の敵勢力に対抗できるだけの艦船が割り当てられます。

目標が確保されると、この任務は「制御」に変更されます。",占拠,,,,
control,ACTION_TOOLTIP,"艦隊にこの目標の制御を維持するよう命令してください。

周辺の敵勢力に対抗するために十分な艦船が割り当てられますが、敵の存在がない場合は艦船は割り当てられません。

目標を失った場合、この任務は「奪取」に変更されます。",制御,,,,
assault,ACTION_TOOLTIP,"艦隊にこの目標を攻撃するよう命令してください。

周辺に敵艦船がいるかどうかに関わらず、かなりの数の艦船が割り当てられます。

目標が確保されると、この任務は「防御」に変更されます。",攻撃,,,,
engage,ACTION_TOOLTIP,艦隊に目標および近くの敵艦船に攻撃するよう命令してください。ただし、不必要な危険にさらされないようにしてください。,攻撃,,,,
defend,ACTION_TOOLTIP,"艦隊にこの場所または船を防御するよう命令してください。

周辺に敵艦船がいるかどうかに関わらず、かなりの数の艦船が割り当てられます。

この場所が目標であり、失われた場合、この任務は「攻撃」に変更されます。",防御,,,,
civilian_rally,ACTION_TOOLTIP,貨物船、タンカー、輸送船などのすべての民間船に指定された場所に集まるよう命令してください。,民間船を集結,,,,
rally_task_force,ACTION_TOOLTIP,"カスタムグループの艦船にこの場所に集まるよう命令してください。

自動的に艦船は割り当てられません。直接命令を受けた艦船のみがこの任務を実行します。",任務部隊を集結,,,,
strike_base,ACTION_TOOLTIP,"爆撃機、魚雷爆撃機、支援戦闘機にこの場所に集まるよう命令してください。

すべての爆撃機は攻撃任務のため、最寄りの攻撃部隊のウェイポイントを経由してから目標に向かいます。キャリアが出撃している場合、爆撃機はウィングが完全な戦力になるまでここで待機します。",攻撃部隊を集結,,,,
rally_fighters,ACTION_TOOLTIP,失った戦闘機がキャリアによって補充されるまで、戦闘機にこの場所に集まるよう命令してください。,戦闘機の集結,,,,
carrier_base,ACTION_TOOLTIP,キャリアに指定された場所で位置を維持するよう命令してください。,キャリアを集結,,,,
patrol,ACTION_TOOLTIP,利用可能な軽艦船にこのエリアを警備するよう命令してください。,パトロール,,,,
show_video,ACTION_TOOLTIP,選択した船からのライブビデオフィードを表示します。,ビデオフィードを表示,,,,
more_info,ACTION_TOOLTIP,選択したエンティティの詳細情報を表示します。,詳細情報,,,,
remove_waypoint,ACTION_TOOLTIP,現在選択されているウェイポイントと関連する任務を削除します。,ウェイポイントを削除,,,,
recon,ACTION_TOOLTIP,フリゲートまたは戦闘機ウィングにウェイポイントを偵察するよう命令します。,偵察,,,,
full_escort,ACTION_TOOLTIP,"利用可能な船に応じて、最大4隻のフリゲート、2隻の駆逐艦、または1隻の巡洋艦といくつかの軽艦を目標の護衛に命令します。

目標に追いつける船のみが割り当てられます。",重護衛,,,,
light_escort,ACTION_TOOLTIP,"単独のフリゲートに目標を護衛するよう命令します。

目標に追いつける船のみが割り当てられます。",軽護衛,,,,
destroyer_escort,ACTION_TOOLTIP,"フリゲート2隻または駆逐艦1隻に目標を護衛するよう命令します。

目標に追いつける船のみが割り当てられます。",中護衛,,,,
repair_and_refit,ACTION_TOOLTIP,"この戦闘機ウィングに最寄りのキャリアに戻って修理を受けるよう命令します。

破壊された戦闘機は補充され、すべての戦闘機の武器が再装填されます。",修理と再装填,,,,
search_and_destroy,ACTION_TOOLTIP,選択した船に特定の任務に割り当てられるのではなく、敵目標に対して自由に攻撃するよう命令します。,探索と排除,,,,
retreat,ACTION_TOOLTIP,"選択した船に自衛しながら戦闘から撤退するよう命令します。

船がピーク時間外で戦闘準備が失われている場合、指揮ポイントやオープンコマンド周波数は必要ありません。",撤退,,,,
direct_retreat,ACTION_TOOLTIP,"選択した船に最良の速度で戦闘から撤退するよう命令します。

船がピーク時間外で戦闘準備が失われている場合、指揮ポイントやオープンコマンド周波数は必要ありません。",直接撤退,,,,
transfer_command,ACTION_TOOLTIP,"自分とスタッフを別の船に移動させます。

指揮シャトルが目的地に到着すると、その船を制御できるようになります。",指揮を移譲,,,,
strike,ACTION_TOOLTIP,"戦闘機にこの船を攻撃するよう命令します。この任務に割り当てられたキャリアは、戦闘機を送り込み攻撃しますが、戦闘機の射程内に留まるよう努め、それ以外は独自に操縦し、非戦闘機のターゲットを選択します。

この任務を与えられた他のタイプの船は、戦術的状況に関係なく目標の船を攻撃しようとし、リスクを高めます。「排除」命令を与えられたかのように。",戦闘機攻撃,,,,
harass,ACTION_TOOLTIP,単独のフリゲートにこの船を攻撃しつつ、その武器の射程外に留まるよう命令します。,攻撃,,,,
intercept,ACTION_TOOLTIP,艦隊にこの船に対して専念した攻撃を行うよう命令します。この任務を与えられた船は、戦術的状況に関係なく目標の船を攻撃しようとし、リスクを高めます。,排除,,,,
target,ACTION_TOOLTIP,選択した敵艦船または戦闘機ウィングのリーダーをターゲットにします。,ターゲットに設定,,,,
assign_task,ACTION_TOOLTIP,指揮系統を無視して、あなたの艦船または戦闘機ウィングの一つに特定の任務を直接与えます。,任務を割り当て...,,,,
rescind,ACTION_TOOLTIP,選択した艦船または戦闘機ウィングの直接命令を取り消し、自動的に任務が割り当てられるようにします。,命令を取り消す,,,,
cancel_assignment,ACTION_TOOLTIP,"選択した任務をキャンセルします。現在その任務を実行している艦船や戦闘機ウィングは自動的に他の任務に再割り当てされます。

選択がウェイポイントの場合、それも削除されます。",任務をキャンセル,,,,
autopilot,ACTION_TOOLTIP,自動操縦を有効にします。あなたの旗艦は自動的に航行し戦闘を行い、艦隊の他の艦船と共に適切な任務が割り当てられます。,自動操縦を切り替え,,,,
,,,,,,,
,,,,,,,
,,,,,,,
asteroid,ASTEROID,宇宙を突進する金属、氷、または岩の凹んだ塊。主に航行の危険物として重要です。,,,,,
,,,,,,,
gas_giant,PLANET,主に水素とヘリウムのガスで構成されています。コアの温度と圧力は極端ですが、惑星を褐色矮星に変える重水素融合を維持するには不十分です。,,,,,
ice_giant,PLANET,主に水、アンモニア、メタンで構成された巨大な惑星。深部では、重力が十分な圧力を生成し、金属水素のコアを形成します。,,,,,
lava,PLANET,永久に形成された地殻を持たない地質的に不安定な惑星。光る亀裂と活火山が表面を散らしており、彼らが噴出するマグマは、焦げた表面を数百キロメートルにわたって流れる流れを形成している。,,,,,
frozen,PLANET,水またはアンモニアの氷がこの世界の主な表面特徴です。表面の下には液体の海または岩の地殻があるかもしれません。,,,,,
barren,PLANET,近くの星からの放射線がこの世界の表面を荒廃させます。大気のオゾン層がないためです。重要な地質活動はなく、先住生物も存在しません。,,,,,
barren_deep_space,PLANET,宇宙を突進する不毛の岩。大気もなく、重要な地質活動もありません。,,,,,
toxic,PLANET,この世界の大気は炭素と二酸化硫黄のガスが支配しており、すべての既知の生命にとって有毒です。さらに、これらのガスは暴走する温室効果を引き起こし、表面温度と大気圧を極めて高いレベルに引き上げます。,,,,,
jungle,PLANET,水に恵まれたこの世界の表面には、豊かで緑豊かな生物圏があります。温かい空気と水の流れが惑星の生物圏に浸透し、すべての緯度で植物と動物にとって完璧な条件をもたらします。,,,,,
terran,PLANET,窒素と酸素の大気、磁場、豊富な液体水を持つ地質的に安定した世界。自転軸が穏やかな季節を生み出します。このタイプの惑星は、銀河のすべての人間の祖先の故郷とされる名前が付けられています。,,,,,
terran-eccentric,PLANET,非常に異常な惑星条件にもかかわらず、この世界にはテラ互換の生態系がかろうじて成立しています。この惑星が呼吸可能な大気（またはそれに近い）を維持していることは、生物の生命力と適応力の証です。,,,,,
desert,PLANET,この惑星は骨のように乾燥しており、ほこりが渦巻いています。星の放射線が容赦なく表面を打ち付けます。この世界の生命を支える水は、弱い磁場のために何千年もの間に消失しました。,,,,,
barren-desert,PLANET,死のように乾燥した世界で、表面は酸化鉄化合物の温かい色合いを示しています。このクラスの惑星では薄い大気が支配し、主に二酸化炭素が時折惑星規模の砂嵐を引き起こします。大気中のCO2の氷冠が形成され、季節の変わり目に昇華することがあります。,,,,,
arid,PLANET,テラ標準よりも大気中の水の割合がはるかに少ない、住みにくい乾燥した世界。しかし、大気と磁場が表面を星の放射線から守り、小さな生物圏がここでゆっくりと生き延びることを許しています。,,,,,
tundra,PLANET,窒素と酸素の大気を持つテラ極端な変異世界で、主に周期的に解凍される海の中に存在する比較的穏やかな生物圏によって維持されています。表面は非常に寒いですが、注意を払えば人間が生存可能です。二酸化炭素は、地元の冬に極地で大気から凍結することがあります。,,,,,
cryovolcanic,PLANET,アンモニアやまれに水を噴出する火山で覆われた凍った荒れ地。,,,,,
rocky_metallic,PLANET,岩金属の殻のような惑星で、その破壊された風景は暴力的な歴史の記録です。数キロメートルの深さの亀裂が表面を裂き、古い地球の火山をはるかに超える不活発な火山の下にある溶岩原にはクレーターがあります。このような惑星は鉱業に価値があります。重要な生態系はなく、わずかな大気しかありません。,,,,,
planet_sindria,CUSTOM,シンドリア統合軍の首都であり、地下のハイブシティに住む数百万の市民がいます。何世紀にもわたる鉱業がシンドリアの地殻を掘り進め、最近の自給自足プログラムが粗い重工業の基盤を育てました。地下の質量ドライバーから発射された一連の太陽光発電パネルによって捕らえられた膨大なエネルギーは、反物質が地獄の物理学によって生成され、その後、重水素とアクチニウムと慎重に混合されたフラーレンシェルに閉じ込められた、セクターの数少ないAM燃料生産施設の一つを稼働させるために使用されます。これは、星間文明が依存する比較的安定した燃料ペレットです。,,この世界の傷ついた地殻は、数キロメートルの深さの穴や亀裂が交差するサイクロペンの破片で覆われており、昼の側では強烈な放射線にさらされています。そのため、居住地や工業施設は表面の深いところに建設する必要があります。シンドリアの人口は、ほとんどの人にとって生活条件が悪く、民法が厳しい数少ないハイブシティに集中しています。州の官僚や軍事技術企業で職を得た幸運な人々の下には、絶望的な下層階級が住んでいます。インフラは、アスコニア危機の間に大量の難民移民による人口危機に追いついたことはなく、資源は産業と軍事力に集中してきました。,,,
planet_salus,CUSTOM,巨大な質量を持つガス巨星で、圧倒的に深い大気は豊富なアンモニアと硫化物化合物によって色付けされています。この世界の夜側では、時折巨大な電気嵐が見られます。サルスはやや小さく、古い地球のシステムの木星と比較して比較的穏やかな放射線場を持っています。,,,,,
rocky_unstable,PLANET,地震と噴火に揺れる不安定な世界。表面が冷却された溶岩の海に覆われていない場所では、粗い山々と散在するスーパーボルケーノが支配しており、有毒なガスを放出して脆弱で腐食性の大気を形成しています。ここは、どんな恒久的な定住にも歓迎される場所ではありません。,,,,,
planet_cruor,CUSTOM,クルオールは、その変化する表面がサルスの潮汐力によって壊され、再び壊されるため、常に辺境の世界であり続ける。ディクタットの支配下では、クルオールは一時的な鉱業と刑務所の運営が行われる世界である。自由な住民は、ボルタルンからの請負業者や技術者で構成され、宇宙の外での成功を求めている。退屈な労働者たちは、ディクタットの知事によって静かに容認された活気ある闇市場が提供する無数の悪徳に参加することで、賃金を浪費している。,,世界の地殻はサルスの強力な潮汐力によって圧縮され、ひび割れ、定期的な地震と噴火を引き起こします。揮発性ガスの豊富な間欠泉が薄く有毒な大気を維持し、鉄化合物と結びついてクルオールに血色の色合いを与えています。トラック付きの掘削機がより安定した表面の州を移動し、輸出のために希少または便利な鉱石を掘り出し、ストリップマイニングの傷跡の中に腐食した機械の遺跡が時折見られます。ディクタット情報局が運営する移動労働キャンプの状況について暗い噂が流れています。,,,
water,PLANET,原始的な大気が数百キロメートルの深さの世界の海を覆っています。その水は原始的な生命であふれ、宇宙からの機器で広大な藻類の類似マットが確認できます。岩のマントルの上にある水氷のコアは、海の恐ろしい圧力によって形成されています。,,,,,
planet_volturn,CUSTOM,ボルタルンは、再設計されたテラ型生命体が播かれた世界の海の上に厚い大気を持ち、かつて広大な漂流コロニーマットを形成していた比較的原始的な固有生物を大部分排除しています。人間の人口は多様な浮遊生息地に住み、主に農業と複雑な有機化合物の加工で生計を立てています。,,ボルタルンは、現在は壊滅した首都都市の月オピスにサービスを提供するための農業とレジャーの惑星として構想されました。アスコニア危機からの難民がボルタルンの人口を何倍にも膨らませ、シンドリアの数をも超え、浮遊アーコロジー、リゾートクルーザー、テラフォーミングバージに仮設住宅を満たしています。軽工業と水産業の経済が支配しており、多くの製品は世界の海で繁栄するように遺伝子改良された海洋生物の加工から派生しています。ディクタットの駐屯地は、抵抗運動、神秘的なカルト、犯罪シンジケートの温床である臭い藻類農場と浮遊スラムの世界に不安定な支配を維持しています。,,,
rocky_ice,PLANET,メタンとアンモニアの凍った世界で、水氷は岩のようで、山の突起や岩に見られます。揮発性物質の薄い大気が惑星の星に向かう側に形成され、暗い側で再び凍ります。ほとんどのクレーターは、この「雪」が堆積するにつれて時間とともに埋まります。,,,,,
planet_umbra,CUSTOM,アスコニア革命評議会の本拠地である、アンティスの地方派閥。厳しい緊急規制の下では、条件は容赦ありません。経済活動は、表向きは揮発性物質の採掘と放棄されたコアボーリングプロジェクトからの鉱滓の再処理で構成されていますが、ARCは「緊急収用」によって独立した商人が追い払われたため、ウムブラから「海賊」と呼ばれる者たちが活動することを許可しています。少数の難民がウムブラに来て、地元のインフラに負担をかけ、革命に参加するか、他の場所を見つけることを希望しています。,,アスコニアの主星から遠く離れたウムブラは、メタンとアンモニアの凍った世界で、水氷は岩のようで、山の突起や岩に見られます。揮発性物質の薄い大気が惑星の星に向かう側に形成され、暗い側で再び凍ります。ほとんどのクレーターは、この「雪」が堆積するにつれて時間とともに埋まります。氷河の地殻の下に数キロメートル埋まった貧弱な岩のマントルから重い材料の採掘が行われています。生息地は深く掘られており、ウムブラでの生活は厳しく、ここに永住することを自ら選ぶ者はほとんどいません。理想主義的なシステム外のボランティアの流れが、必要な希望と必需品をもたらしています。,,,
star_yellow,PLANET,G2型の主系列星で、推定年齢は50億年です。表面温度は約6000度で、コア温度は1500万度を超える可能性があります。,,,,,
star_orange,PLANET,旧地球の太陽よりもやや冷たく小さいこのK型星は、アルファ・ケンタウリBに最も似ています。特に安定しており、数百億年にわたって主系列の下端で燃焼し、生命を宿す可能性のあるテラフォーミング可能な惑星のホストと見なされています。,,,,,
star_blue_giant,PLANET,非常に高温で明るいO型星。非常に巨大ですが、この星はその構成元素を融合する地獄のような速度のために短命です。星としてはすぐに超新星として爆発し、全銀河を一時的に超える明るさを放った後、ブラックホールまたは中性子星に変わります。星の激しい核融合の心臓から解放されるエネルギーは、強力な星風となって近くを公転する惑星から大気を剥ぎ取り、近くに留まる宇宙船の船体をも剥ぎ取ります。,,,,,
star_blue_supergiant,PLANET,極端な温度、明るさ、質量、体積を持つO型星。超巨星は十分に巨大で、水素からヘリウムへとスムーズに移行します。最も明るい星の一つで、最も早く明るく燃え、超新星として爆発する前に全銀河を一時的に超え、全セクターを致死的な放射線で包みます。星の激しい核融合の心臓から解放されるエネルギーは、強力な星風となって近くを公転する惑星から大気を剥ぎ取り、近くに留まる宇宙船の船体をも剥ぎ取ります。,,,,,
star_browndwarf,PLANET,この褐色矮星は、十分な温度に達して水素を融合することができない亜恒星の質量を持っていますが、重力圧縮によりかなりの電磁放射を放出します。小さな褐色矮星は、明確な閾値ではなく、やや混乱したスペクトルで巨大なガス巨人と分類されます。褐色矮星の磁場は強力で、小さな惑星と比較して潜在的に激しいものです。,,,,,
star_neutron,PLANET,これは、かつて生き、ノヴァで死に、現在は非常に小さく、熱く、密度の高い質量として再び生きている星であり、その体積は単純な電磁気ではなく、強い核力によって維持されている。最大で3太陽質量に達するが、中性子星の半径は旧地球のそれにほとんど等しい。急速に回転する中性子星は、強い電磁放射のビームを放出することがあり、これをパルサーと呼ぶ。賢明な宇宙船の艦長は、これを避けるのが良い。,,,,,
black_hole,PLANET,巨大な星の終末的な崩壊の結果です。どんな物体もブラックホールから逃れることはできず、光さえも逃れられません。しかし、ブラックホールは理解されていない量子効果により、検出可能なホーキング放射を放出します。セクター内で存在することが知られているどの装置でも、事象の地平線を超えた情報を検出することはできません。ブラックホールの強力な重力は、近くの物体を引き裂き、重力の深淵に必然的に渦巻く降着円盤にします。非常に危険です。,,,,,
star_orange_giant,PLANET,水素燃料を使い果たし、十分な質量によりヘリウムを融合するのに十分な温度に達した巨大なK型星です。技術的には赤巨星の一種ですが、この星はより質量が大きく、より高温で燃えています。古典的なドメイン前の天文学で知られるアルデバランに似ています。,,,,,
star_red_supergiant,PLANET,短命の星の生涯の後期にある超巨星であるこのM型星は、すべての既知の星のタイプの中で最大の体積を持っています。水素の供給を使い果たし、ヘリウムの融合にスムーズに移行し、超新星を形成する前に鉄までの元素を進む可能性があります。非常に巨大ですが、星の外層は非常に希薄で、比較的低温であり、特徴的な色合いを提供します。この星は、構成物質を急速に放出しており、壮大な星雲を形成します。ベテルギウスやアンタレスは、古典的なドメイン前の天文学で知られる赤色超巨星の例です。,,,,,
star_red_giant,PLANET,星の進化の後期にある低から中程度の質量の星である赤巨星は、コアの水素供給を使い果たし、現在のヘリウムコアの周りの殻で水素融合に切り替えています。星自体は巨大ですが、外層は低温であり、星に特徴的な色合いを与えています。,,,,,
star_red_dwarf,PLANET,M型主系列星で、小さく非常に一般的である。これらの比較的冷たい星は、旧地球の太陽の質量のほんの一部しか持たないことが多い。,,,,,
star_white,PLANET,ほとんどの星の終わりの始まりである白色矮星は、かつて炭素を融合するのに十分な質量を持たない赤色巨星であった。非常に密度が高く、もはや核融合反応を行わないために熱をゆっくりと放出し、その体積は電子縮退圧によってのみ重力崩壊に対抗して支えられている。,,,,,
drone_station_lt,SHIP_SYSTEM,ステーションの周りにある防衛ドローンのリング。,,ステーションの周りにある防衛ドローンのリング。,,,
drone_station_mid,SHIP_SYSTEM,ステーションの周りにある防衛ドローンのリング。,,ステーションの周りにある防衛ドローンのリング。,,,
drone_station_high,SHIP_SYSTEM,ステーションの周りにある防衛ドローンのリング。,,ステーションの周りにある防衛ドローンのリング。,,,
entropyamplifier,SHIP_SYSTEM,"ターゲット艦が受けるダメージを一時的に増加させます。使用時にかなりの量のフラックスを生成します。

効果の持続時間は、ソース艦の参照フレーム内にあります。もしそれがフェイズしたり、時間の変化を経験した場合、効果の持続時間は外部の観測者にも影響を与えます。",攻撃的,ターゲット艦が受けるダメージを増加させます。使用時にかなりの量のフラックスを生成します。,,標的の船はすべての攻撃から{{50%}}多くのダメージを受けます。,
interdictor,SHIP_SYSTEM,"標的の船の推進フィールドに干渉し、一部のエンジンを無効にします。

エンジンが完全に稼働している船に対して使用した場合、一般的にはフレイムアウトを引き起こしませんが、エンジンの構成によってはそうなる可能性があります。必ず少なくとも1つのアクティブなエンジンを無効にします。",攻撃的,標的の船の推進フィールドに干渉し、一部のエンジンを無効にします。,,,
mine_strike,SHIP_SYSTEM,重いフェイズ地雷を標的エリアにテレポートします。この地雷は近くの敵船をゆっくり追尾し、接近トリガーが作動してから数秒後に爆発します。フェイズ中に使用できます。,攻撃的,重い接近地雷を標的エリアにテレポートします。各地雷は範囲内で2000の高威力爆薬ダメージを与えます。フェイズ中に使用できます。,2000 高威力爆薬,各地雷は広範囲で{{2000 高威力爆薬}}のダメージを与え、約{{1000}}suの範囲から展開できます。,
mine_strike_station,SHIP_SYSTEM,重いフェイズ地雷を標的エリアにテレポートします。この地雷は近くの敵船をゆっくり追尾し、接近トリガーが作動してから数秒後に爆発します。,攻撃的,重い接近地雷を標的エリアにテレポートします。各地雷は範囲内で2000の高威力爆薬ダメージを与えます。,2000 高威力爆薬,各地雷は広範囲で{{2000 高威力爆薬}}のダメージを与え、約{{3500}}suの範囲から展開できます。,
mote_control,SHIP_SYSTEM,エネルギーモートは船に重いEMPダメージを与え、戦闘機やミサイルを消滅させます。このシステムを使用すると、モート用の一時的な引力点が生成されます。引力点が敵船に設定されていない限り、モートは近くのミサイルや戦闘機を自動的にターゲットにします。,特別,エネルギーモートは船に重いEMPダメージを与え、戦闘機やミサイルを消滅させます。,,,
acausaldisruptor,SHIP_SYSTEM,"近くの敵船を一時的にオーバーロードします。

崩壊前から十分に理解されていない弱い因果関係の原則を利用しています。現代では、その効果は魔法のように見えるかもしれません。",攻撃的,近くの敵船を一時的にオーバーロードします。,,オーバーロードは{{1}}秒間持続します。,
temporalshell,SHIP_SYSTEM,"船内の時間の流れを速めます。使用時にかなりの量のフラックスを生成します。

この効果への長期的な曝露に関する研究は「懸念される」と表現され、静かに中止されました。",特別,船内の時間の流れを速めます。使用時にかなりの量のフラックスを生成します。,,船内では時間が通常の{{three}}倍の速さで進みます。,
damper,SHIP_SYSTEM,武器とシールドを無効にする代わりに、受けるダメージを軽減するエネルギーフィールドを一時的に起動します。,防御的,武器とシールドを無効にする代わりに、受けるダメージを軽減するエネルギーフィールドを一時的に起動します。,,フリゲートと駆逐艦は受けるすべてのダメージを{{67%}}減少させ、大型船は{{50%}}減少させます。,
damper_omega,SHIP_SYSTEM,すべての受けるダメージと生成されるフラックスを半減させ、すべての無効化されたエンジンと武器を迅速に修理するエントロピー減衰フィールドを一時的に起動します。シールドを無効にします。,防御的,エントロピー減衰フィールドを一時的に起動し、受けるダメージと生成されるフラックスを半分にし、すべての無効化されたエンジンと武器を迅速に修理します。シールドは無効になります。,,,
flarelauncher,SHIP_SYSTEM, incoming missiles and PD weaponsの誘導システムを妨害するフレアを発射します。フレアに当たったミサイルはすべて破壊されます。,防御的,近くの敵ミサイルの誘導システムを混乱させるフレアを発射します。,,,
flarelauncher_active,SHIP_SYSTEM, incoming missiles and PD weaponsの誘導システムを妨害するフレアを発射します。フレアはミサイルを追尾し、フレアに衝突したミサイルはすべて破壊されます。,防御的,近くの敵ミサイルの誘導システムを混乱させるフレアを発射します。フレアは速く、ミサイルを積極的に追尾します。,,,
flarelauncher_fighter,SHIP_SYSTEM,ポイントディフェンスを妨害し、攻撃を引き寄せるフレアを発射します。,防御的,ポイントディフェンスを妨害し、攻撃を引き寄せるフレアを発射します。,,,
flarelauncher_single,SHIP_SYSTEM,ポイントディフェンスを妨害し、攻撃を引き寄せるフレアを発射します。,防御的,ポイントディフェンスを妨害し、攻撃を引き寄せるフレアを発射します。,,,
burndrive,SHIP_SYSTEM,一時的に船のシステムトラベルドライブにプライマリーバーンをかけます。シールドを使用できない代わりに、固定時間の間に大幅な速度ブーストを提供します。船は重要な衝突の際に完全なエンジンの炎上のリスクがあります。,移動,シールドを使用できず、ターンできない代わりに大幅な速度ブーストを提供します。衝突はシステムがアクティブな間に炎上を引き起こす可能性があります。,,船の最高速度が{{200}}増加します。,
combat_burn,SHIP_SYSTEM,船のシステムトラベルドライブに低グレードのプライマリーバーンをかけます。このバーナは無限に維持できます。,移動,船のシステムトラベルドライブに低グレードのプライマリーバーンをかけます。このバーナは無限に維持できます。,,船の最高速度が{{100}}増加します。,
maneuveringjets,SHIP_SYSTEM,追加のスラスタを起動して船の操縦性を大幅に向上させます。また、船の最高速度にもわずかなブーストを提供します。,移動,操縦性と最高速度を一時的に向上させます。,,船の最高速度が{{50}}増加します。,
plasmajets,SHIP_SYSTEM,最高速度を一時的に大幅に向上させ、わずかな操縦性の向上も提供します。,移動,最高速度を大幅に向上させ、わずかな操縦性の向上を提供します。,,船の最高速度が{{125}}増加します。また、船はターンと加速率も大幅に向上します。,
microburn,SHIP_SYSTEM,短時間のエンジンブーストを提供し、船を極端な速度で前方に推進します。,移動,短時間のエンジンブーストを提供し、船を極端な速度で前方に推進します。,,船の最高速度が一時的に約{{600}} su/秒に増加します。,
microburn_omega,SHIP_SYSTEM,短時間のエンジンブーストを提供し、船を極端な速度で前方に推進します。,移動,短時間のエンジンブーストを提供し、船を極端な速度で前方に推進します。,,,
fastmissileracks,SHIP_SYSTEM,追加のサーボと弾薬コンベヤーにより、船はミサイル兵器を迅速に再装填できます。システムを起動すると、重要なフラックスが生成されます。,攻撃的,すべてのミサイル兵器を迅速に再装填します。使用時にフラックスを生成します。,,,
fortressshield,SHIP_SYSTEM,武器システムからシールドにすべての電力をリダイレクトし、ダメージの吸収効率を大幅に向上させます。このプロセスは、シールドが攻撃を受けていなくても一定の速度でハード・フラックスを生成します。,防御的,シールドが受けるダメージを最小限に抑えますが、アクティブな間はハード・フラックスを生成します。,,船のシールドは{{90%}}のダメージを軽減します。,
highenergyfocus,SHIP_SYSTEM,すべてのエネルギー兵器によるダメージを一時的に増加させます。キャパシタアレイは複数のチャージを蓄え、徐々に再生されます。,攻撃的,すべてのエネルギー兵器によるダメージを一時的に増加させます。,,すべてのエネルギー兵器によるダメージが{{50%}}増加します。,
drone_strike,SHIP_SYSTEM,ターミネーター・ドローンの1つを短時間のエネルギー転送でスーパーチャージします。ドローンはミサイルのように近くのターゲットを追尾し、衝突時に大きなダメージを与えます。,攻撃的,ターミネーター・ドローンの1つをスーパーチャージし、ターゲットに向かわせます。ドローンは衝突時に1200のエネルギーダメージと600のEMPダメージを与え、充電時に600のフラックスを生成します。,1200 エネルギー | 600 EMP | 600,各ドローンは衝突時に{{1200 エネルギー}}ダメージと{{600 EMP}}ダメージを与えます。,
lidararray,SHIP_SYSTEM,ハードポイント武器の射程、発射レート、精度を大幅に向上させる一方で、タレットとすべてのビーム兵器を一時的に停止します。使用していないときは、すべての武器の射程に小さなパッシブブーストを提供します。,攻撃的,ハードポイント武器の射程、発射レート、精度を大幅に向上させる一方で、タレットとすべてのビーム兵器を一時的に停止します。使用していないときは、すべての武器の射程に小さなパッシブブーストを提供します。,,"システムがアクティブな間、ハードポイント武器は{{100%}}の射程増加と{{200%}}の発射レート増加を受けます。反動は{{75%}}減少し、弾速は{{50%}}増加します。

システムがパッシブモードの間、すべての非ミサイル武器の射程が{{35%}}増加します。",
orion_device,SHIP_SYSTEM,船の後方に成形された反物質チャージを展開します。爆発は巨大なプッシュプレートに力を加え、衝撃を吸収し、船の慣性補償装置が処理できる時間枠にわたって結果として生じる加速度を広げます。船は非常に少数の「高度な」技術が匹敵できる速度で一時的に前方に推進されます。,移動,船の後方で成形された反物質チャージが爆発し、極端な速度で前方に推進します。,,,
nova_burst,SHIP_SYSTEM,人間の脆弱性によって課せられた制約から解放されたオリオンデバイスのバージョン。船の後ろで大規模な反物質チャージが爆発し、船が前方に跳躍します。,移動,船の後ろで大規模な反物質チャージが爆発し、船が前方に跳躍します。,,,
canister_flak,SHIP_SYSTEM,船の周囲に可変タイミングの近接信管を持つ多数のフラックカニスターを発射します。,防御的,船の周囲に可変タイミングの近接信管を持つ多数のフラックカニスターを発射します。各カニスターは範囲内で{{200 High Explosive}}のダメージを与え、味方への誤射を避けるようにターゲットされます。,{{200 High Explosive}},各カニスターは範囲内で{{200 High Explosive}}のダメージを与え、味方への誤射を避けるようにターゲットされます。,
phaseteleporter,SHIP_SYSTEM,船は瞬時に任意の近くの場所にテレポートします。,移動,船は瞬時に任意の近くの場所にテレポートします。,,目標地点は最大{{1500}}su離れた場所に設定できます。,
displacer,SHIP_SYSTEM,船を進行方向に短距離テレポートします。このシステムは徐々に最大3つのチャージを蓄積し、短時間で消費できます。,移動,船を進行方向に短距離テレポートします。このシステムは同時に最大3つのチャージを蓄積できます。,,船は{{300}}ユニットテレポートされます。,
displacer_degraded,SHIP_SYSTEM,船を進行方向に短距離テレポートします。このシステムは徐々に最大2つのチャージを蓄積し、短時間で消費できます。,移動,船を進行方向に短距離テレポートします。このシステムは同時に最大2つのチャージを蓄積できます。,,船は{{300}}ユニットテレポートされます。,
drone_pd,SHIP_SYSTEM,レーザー装備の防御ドローンを多数展開します。ドローンは船を厳重に守るように命令することも、自由に周囲を移動させることもできます。,ドローン（ハイテク）,レーザー装備の防御ドローンを多数展開します。,,,
drone_pd_x2,SHIP_SYSTEM,軽機関銃を装備した防御ドローンを数機展開します。ドローンは船を厳重に守るように命令することも、自由に周囲を移動させることもできます。,ドローン（ミッドライン）,軽機関銃を装備した防御ドローンを数機展開します。,,,
drone_borer,SHIP_SYSTEM,いくつかの戦闘改造された鉱採ドローンを展開します。ドローンは非常に自律的で、母艦から遠く離れて作業することができます。,ドローン（ロー・テク）,鉱採レーザーを装備したいくつかの戦闘改造ドローンを展開します。ドローンは長い作業範囲を持っています。,,,
drone_sensor,SHIP_SYSTEM,船の武器とセンサーの範囲を改善するオンボードセンサーを持つドローンを2機展開します。各ドローンはイオンキャノンも装備しています。,ドローン（ハイテク）,武器とセンサーの射程を改善するドローンを2機展開します。各ドローンにはイオンキャノンも装備されています。,,,
ammofeed,SHIP_SYSTEM,弾薬を船の弾道兵器配置に迅速に供給するための高度な（ただし妨害に弱い）メカニズムを起動します。このメカニズムは再調整と冷却が必要で、再使用する前に行う必要があります。,攻撃的,すべての弾道兵器のフラックスコストを削減し、発射速度を一時的に向上させます。,,弾道兵器の発射速度を{{100%}}向上させ、弾道兵器のフラックス生成を{{50%}}削減します。,
emp,SHIP_SYSTEM,"EMPジェネレーターを起動します。近くのミサイル、戦闘機、武器配置、敵艦のエンジンがすべてターゲットになり、短時間で無効化できます。

残念ながら、この装置に電力を供給するために、搭載された武器システムをシャットダウンする必要があります。EMPパルスは敵のシールドに対してあまり効果的ではありません。",特別,範囲内の敵ミサイル、武器、エンジンを迅速に無効化する雷のアークを生成します。シールドによってほとんど無効化されます。,,"1つのアークあたり{{100 Energy}}および{{500 EMP}}のダメージを与えます。アークは船から約{{500}}su以内のターゲットに命中します。

さらに、ほとんどのミサイルは、完全に破壊されなくても誘導システムが無効化されます。",
phasecloak,SHIP_SYSTEM,"船をp-spaceと呼ばれる別の次元に一時的に移動させます。船はフェイズコイルの放出によって検出されますが、武器によって攻撃されることはありません。p-spaceではフラックスを散逸できず、常に蓄積されるため、最終的には船が通常の空間に戻ることを強いられます。p-space内では船とその乗組員にとって主観的な時間がより早く進みます。

フェイズクロークジェネレーターは大きく、かなりの電力を必要とするため、通常は船の主要な防御手段としてシールドの代わりになります。",特別,船を時間がより早く進む別の次元に移動させます。船は武器によって攻撃されることはなく、アクティブな間はハード・フラックスが蓄積されます。,,,
drone_terminator,SHIP_SYSTEM,"フェイズクローク、改良されたフェイズスキマー、重戦闘機でも印象的な武器のアーセナルを備えた単一の高度なドローンを展開します。

さらに印象的なのは、戦闘中に交換用ドローンを生産できるミニファクトリーで、ホスト船が長時間護衛なしでいることがないようにします。

このドローンは、他のほとんどのドローンシステムよりも母艦からはるかに遠くを移動できる攻撃的なデルタレベルのAIパーソナリティを持っています - それらは完全にリモートコントロールであるか、せいぜいサブガンマパーソナリティを持っています。

このデザインは、2つの競合企業の協力によって作成された点でもユニークです。ファブリック・オービタルがシャーシとシステムデザインを提供し、トライ・タキオンの専門家が制御AIを担当しました。",ドローン（攻撃）,単一の高度なドローンを展開します。ドローンが破壊されると、徐々に再構築されます。,,,
reservewing,SHIP_SYSTEM,短時間戦闘できる予備の戦闘機を展開し、キャリアに戻る前にウィング内の戦闘機の数を一時的に倍増させます。,キャリア,短時間戦闘できる予備の戦闘機を展開し、キャリアに戻る前にウィング内の戦闘機の数を一時的に倍増させます。,,,
targetingfeed,SHIP_SYSTEM,このキャリアから戦闘機ウィングにリアルタイムのターゲティングデータを送信し、一時的にダメージを増加させます。,キャリア,このキャリアから戦闘機ウィングにリアルタイムのターゲティングデータを送信し、一時的にダメージを増加させます。,,戦闘機のダメージが{{50%}}増加します。,
recalldevice,SHIP_SYSTEM,すべての戦闘機をキャリアにテレポートさせ、迅速に再装備して再発進できるようにします。,キャリア,すべての戦闘機をキャリアにテレポートさせ、迅速に再装備して再発進できるようにします。,,,
energy_lash,SHIP_SYSTEM,"標的の船にボルテックアークを発射し、特定の船のシステムに電力を供給し、起動します。

敵艦をターゲットにした場合、EMPダメージを与えます。フェイズ対象に命中し、一時的にオーバーロードさせることができます。",特別,標的の友軍艦の特定のシステムを起動します。敵をターゲットにした場合、EMPダメージを与えます。フェイズ対象に命中し、一時的にオーバーロードさせることができます。,,"敵艦に対して1アークあたり{{1500 EMP}}のダメージを与えます。このシステムは、船から約{{1500}}su以内のターゲットに命中します。

友軍艦に影響を与えるのは、{{lash-activated}}船システムを持っている場合のみです。",
displacer_threat,SHIP_SYSTEM,船を進行方向に短距離テレポートします。,移動,船を進行方向に短距離テレポートします。このシステムは、船がエネルギーラッシュに当たったときのみ充電されます。,エネルギーラッシュ,船は{{300}}ユニットテレポートされます。このシステムは{{lash-activated}}で、船がエネルギーラッシュに当たったときのみ充電されます。,
incursion_mode,SHIP_SYSTEM,船の最高速度、フラックスの拡散、充電再生率を増加させ、全体的な攻撃性を高めます。,攻撃的,船の最高速度、フラックスの拡散、充電再生率を増加させ、全体的な攻撃性を高めます。このシステムは、船がエネルギーラッシュに当たったときのみ作動します。,エネルギーラッシュ,最高速度が{{100}}su増加し、フラックスの拡散が{{3}}倍に増加し、弾道およびエネルギー兵器が非常に迅速に充電を再生します。このシステムは{{lash-activated}}で、船がエネルギーラッシュに当たったときのみ作動します。,
extraction_protocol,SHIP_SYSTEM,船の最高速度を増加させ、すべての利用可能な武器を発射しながら後退させます。操縦の最後に船はベントを行い、ミサイルを含むすべての弾薬と充電を使用する武器が再装填されます。,防御的,船の最高速度を増加させ、すべての利用可能な武器を発射しながら後退させます。操縦の最後に船はベントを行い、ミサイルを含むすべての弾薬と充電を使用する武器が再装填されます。このシステムは、船がエネルギーラッシュに当たったときのみ作動します。,エネルギーラッシュ,最高速度が{{100}}su増加します。このシステムは{{lash-activated}}で、船がエネルギーラッシュに当たったときのみ作動します。,
fragment_volley,SHIP_SYSTEM,非PDフラグメント兵器の射程を延ばし、迅速に発射します。,攻撃的,非PDフラグメント兵器の射程を延ばし、迅速に発射します。このシステムは、船がエネルギーラッシュに当たったときのみ作動し、長いクールダウンがあります。,エネルギーラッシュ,フラグメントミサイルの射程が{{2}}倍に増加します。このシステムは{{lash-activated}}で、船がエネルギーラッシュに当たったときのみ作動します。,
construction_swarm,SHIP_SYSTEM,新しい脅威ユニットを構築する建設スウォームを発射します。,特別,新しい脅威ユニットを構築する建設スウォームを発射します。船の戦闘準備状態を低下させます。,,スウォームが構築するユニットのサイズとタイプに基づいて、船の戦闘準備状態を低下させます。新しく構築されたユニットは、通常通り展開ポイントを消費します。,
convulsive_lunge,SHIP_SYSTEM,投影はn空間を突進し、危険から遠ざかるか獲物に向かいます。,移動,投影はn空間を突進し、危険から遠ざかるか獲物に向かいます。,,,
darkened_gaze,SHIP_SYSTEM,"""目は廃墟を見つめる。""",攻撃的,"""目は廃墟を見つめる。""",,,
tenebrous_expulsion,SHIP_SYSTEM,その投影は大量の覆われた基材を排出し、ターゲティングシステムを混乱させ、射線を遮り、その後すぐにスクリーンの後ろに引っ込む。,防御的。,その投影は大量の覆われた基材を排出し、ターゲティングシステムを混乱させ、射線を遮り、その後すぐにスクリーンの後ろに引っ込む。,,,
shrouded_vortex,SHIP_SYSTEM,渦はn空間を移動し、局所的な時空の曲率に従って徐々に不安定になります。不安定になると、爆発し、その周囲に大きなダメージを与えます。,特別,渦はn空間を移動し、局所的な時空の曲率に従って徐々に不安定になり、最終的に爆発して広範囲に2000エネルギーのダメージを与えます。,2000エネルギー,,
stable_location,CUSTOM,この周囲の広大な空虚の中で特に目立たないこの地点は、星系のハイパーウェーブフィールドにおける局所的な最小点です。相対的な干渉の少なさが、ハイパーウェーブ技術を使用する構造物の配置に特に適しています。,,,,,
comm_relay,CUSTOM,ドメイン時代の技術で、主にフロンティアで使用されるこれは、星系間で光速を超える速度でデータを送受信するハイパーウェーブ通信アレイです。FTLデータ伝送に適した急速にパルスするハイパーウェーブはDNAに損傷を与えることが示されているため、これらの中継器は常に居住地から離れた場所に配置されています。,,,,,
comm_relay_makeshift,CUSTOM,ドメイン時代の対応物の模倣で、セクターでの最新技術を使用して構築されています。それでも、即席の通信中継器は、星系間で光速を超える通信を可能にします。たとえ伝送速度が理想的でなく、時折受信される幻の通信ストリームが最も経験豊富なオペレーターに悪夢を与えるとしても。,,,,,
sensor_array,CUSTOM,ドメイン時代の技術で、これは星系内でリアルタイムの光速を超えるデータ伝送が可能な超高解像度のパッシブモニタリングアレイです。このデータは艦隊によって行われる通常のセンサー読み取りを補完するために使用されます。,,,,,
sensor_array_makeshift,CUSTOM,セクターで入手可能な最高の技術を使用して構築された即席のセンサーアレイは、それでも全星系を受動的に監視することができ、友好的な艦隊にリアルタイムの光速を超えるデータ伝送が可能な送信機を備えています。このデータは艦隊によって行われる通常のセンサー読み取りを補完するために役立ちます。,,,,,
nav_buoy,CUSTOM,ドメイン時代の技術で、ナビブイはシステム内のハイパーフィールドを監視し、友好的な艦隊にその結果を送信することができます。データの読み取りは非常にクリアで、ドライブフィールドの設定に非常に役立ちます。,,,,,
nav_buoy_makeshift,CUSTOM,セクターで入手可能な最高の技術を使用して構築されたナビブイは、システム内のハイパーフィールドを監視し、友好的な艦隊にその結果を送信することができます。このデータはしばしばやや信頼性に欠けますが、即座にドライブフィールドの調整を行う際には依然として役立ちます。,,,,,
test_station,CUSTOM,「ステーション」タグを持つカスタムキャンペーンエンティティとして構築された軌道ステーション。,,,,,
barren-bombarded,PLANET,無生物の岩だらけの世界で、傷ついた表面は何千年にもわたる間欠的な隕石の爆撃の物語を語っています。そこにある大気は、ほぼ真空の状態で傷ついた地殻にしがみついています。重要な磁場や地殻活動はありません。深いレゴリスが広がり、溶岩のチャネルが交差し、特に大きな衝突によって形成された古代の溶岩海が点在しています。,,惑星のまだらな曲線があなたの下で回転しています。明るいレゴリスには古代の衝突クレーターが点在し、暗い溶岩海は密度が低くマークされていますが、それでも自らの壊滅的な創造の証拠によって裂かれています。,,,
irradiated,PLANET,不毛で高い放射線を受けているこの惑星は、生命が存在しないだけでなく、その表面に加えられた驚異的なエネルギーのために、頑丈なロボット作業にも厳しい環境です。ここに住むのが狂っている人のためには、どんな居住地も非常に深く構築されなければなりません。,,,,,
planet_jangala,CUSTOM,コルバス星系の宝石、ジャンガラは豊かな原生バイオスフィアを持っています。この世界の農場と海は、しばしばメガストームの渦巻くサイクロンによって隠されており、有機フィードストック、食品製品、エキゾチックな異生物学的材料の主要な供給源です。ほとんどのルド教団によって神聖視されています。,,当初は異生物学的研究と観光の中心地でしたが、発見の後に搾取が続き、数百万平方キロメートルが破壊され、その後巨大なロボット収穫機によって管理されるプランテーションで覆われました。しかし、これは人間にとって楽園ではなく、表面訪問にはバイオフィルターマスクと除染プロセスが必要です。騒々しい原生ジャングルは、今でもジャンガラステーションからの定期的な軌道焼却によって抑えられなければなりません。,,,
station_jangala,CUSTOM,軌道上のメガシティ、海軍工廠、港；コルバス星系における文明と文化の疑いのないコスモポリタンの中心地であり、地元のシステムを包含するヘゲモニー軍事地区の本拠地でもあります。重い商業と海軍の交通が常にステーションを取り囲んでいます。,,広大な階層構造から成り立ち、最初の古代の給油および修理用ガントリーは、巨大なラボと関連する支援システムの影にある腐食した工業ハンガーの中に隠れています。さらに高く、商業コンコース、メトロプレックス地区、そして多翼の造船所は、通信アレイと武器ポッドで覆われた指揮・制御の尖塔によって見守られています。,,,
planet_asharu,CUSTOM,砂漠の惑星で、崩壊前の失敗したテラフォーミングプロジェクトの産物です。数人の非常に独立した入植者、犯罪者、そして変わり者が住んでいます。ヘゲモニーは技術的にはアシャルの支配権を主張していますが、恒久的な管理を維持せず、海賊を追い払うためや、残っているわずかな商業活動に重いが稀な関税を課すためにパトロールを送っています。,,より良い時代には、アシャルは模範的なテラフォーミングの見込みでした：太陽のシェードが表面温度を下げ、バラッドの月から発射された氷が空から雨として降る輝く蒸気の跡を残しました。残念ながら、崩壊の混乱が氷を止め、疑わしいルドの妨害工作がシェードを破壊しました。投資は枯渇し、今では数少ない頑丈な生命体（人間の入植者の一部を含む）が、決して建設されなかった都市の基盤を徐々に取り戻している広大な砂丘の間の避難所の山々で生き延びています。,,,
planet_agreus,CUSTOM,このセクター地域の主要な造船解体センターで、ハルクはヘゲモニー海軍やセクターコア世界の他の多くのクライアントによってここで解体されます。コーコンバインは、企業の憲章に基づいて惑星管理の権利を購入し、新しいリサイクル技術、船の再構築、そして（ある人々が言うには）死んだ擬似AIコアからの情報を引き出すことによって富を再構築しました。,,何世紀にもわたって剥ぎ取られた宇宙船の船体が、この不毛な世界の長い冷たい溶岩海とレゴリス平原に横たわっています。特に放射能の強い反応炉コアは、長距離スキャンで検出可能な放射線が光る隔離された穴に残されています。工業作業に従事する労働者は、広大なクレーターアーコロジー、地下都市に住んでおり、そこはきらめく太陽光発電パネルと外部の処理施設や資材ヤードに通じる輸送管のスパーで囲まれています。,,,
planet_nomios,CUSTOM,汚れたアンモニアの雪が、ノミオスの薄い大気から断続的に降り注ぎます。吹きだまりは小さく、主に傷んだクローラードローンによって居住地の装甲ランディングベイの扉から清掃されています。この惑星の施設は、崩壊以来生き残ったと主張する、秘密主義的なMbaye-Gogol局の一部によって運営されています - もし噂が本当なら、心の中でのみ。,,重火器の配置が目立ってすべての到着船を追跡し、ピンを打ちます。これは、準備された銃器の相当物です。ノミオスでの受け入れは優雅で、控えめで、礼儀正しいです。暗示を通じて語られるビジネスの上にある消毒マスクです。,,,
planet_syrinx,CUSTOM,より重い揮発性物質の大部分を含む巨大な惑星で、より大きな古典的な水素支配のガス巨人よりも多くの重い揮発性物質を含んでいます。強風がアンモニアの雲を大嵐の上に吹き飛ばし、極端な圧力と高重力によって形成されたエキゾチックな氷の上にある水-アンモニアの海への徐々の移行から炭化水素の上昇を引き起こします。,,,,,
station_arcadia,CUSTOM,このヘゲモニーの物流センターは、戦略的に重要なアルカディアシステム全体に力を投影できる艦隊を供給します。そのコア構造の実用的な優雅さと広がるリングは、ステーションが揮発性物質を吸い上げる施設であった崩壊前のものです。その後、アグレウスに向かうハルクから組み立てられた粗い武器ポッドと装甲ノジュールが、物資の重要な集中に対する奇襲のリスクに応じて追加されました。,,軍事的な効用の影響が駅に完全に浸透しています。民間の交通管制でさえ、ヘゲモニー海軍の切り詰められた言葉で話しています。静かな公共コンコースでは、ガス採掘者や海軍の乗組員が行き交う姿が見られ、まるで兵舎のように掃除が行き届いています。,,,
fusion_lamp,CUSTOM,ドメイン時代の軌道融合ランプで、惑星に十分な光と熱を提供することができます。,,,,,
abyssal_light,CUSTOM,深淵のハイパースペースでのみ見つかる、未知の起源を持つ一時的なエネルギー集中。,,,,,
food,RESOURCE,輸出用に保存され、パッケージされたさまざまな食品製品。ドメイン標準で最低5年の保証された保存期間があります。,,,,,
organics,RESOURCE,プラスチック、燃料、溶剤、ポリマー、食品製品、バイオテクノロジー、ライフサポート、その他の多くの必需品に応用される、大量の複雑な炭素ベースの分子およびその誘導体。,,,,,
volatiles,RESOURCE,重水素などの軽元素の希少な同位体で、燃料生産やその他の高度な産業プロセスにおいて重要な応用があります。,,,,,
ore,RESOURCE,鉄と一般的な非鉄金属の鉱石を含む。産業に利用するためには精製が必要である。,,,,,
rare_ore,RESOURCE,未処理の重元素で、希土類元素、アクチニウム、その他の高度な産業および研究用途に不可欠なエキゾチックな鉱物を含む可能性があります。,,,,,
metals,RESOURCE,ほとんどの建設および製品生産に使用される鉄系金属と一般的な非鉄金属の精製された形態。インゴットは伝統的なドメイン基準に従います。,,,,,
rare_metals,RESOURCE,精製された重元素で、一般的なアクチニウムや高エネルギーシステムおよび高度な研究用途に不可欠な他の重いエキゾチックな元素を含みます。,,,,,
heavy_machinery,RESOURCE,産業規模で物質を操作するためのさまざまな標準化されたモジュール。手動入力、一般的な設計テンプレート形式を受け入れるか、ネットワーク制御に従属させることができます。,,,,,
domestic_goods,RESOURCE,これらは、工業化された宇宙航行文明の確立以来、人々が快適な生活を送ることを可能にした大量生産された衣服、ガジェット、商品、製品です。,,,,,
organs,RESOURCE,臓器移植は確立された実践ですが、材料は繊細で、育成は気まぐれなプロセスです。健康な臓器には常に市場があり、あまり多くの質問をしなければ常に供給源があります。,,,,,
drugs,RESOURCE,いくつかの世界で禁止されている「化学芸術」には、少しの楽しみ、意識の拡張、または単に惨めな生活からの逃避を求める人々によって求められる目が回るような製品の数々が含まれます。,,,,,
hand_weapons,RESOURCE,重い小隊レベルの武器からメカ、戦車、ホバークラフトまでの武器。私的使用はほとんどの世界で禁止されています。大部分が分解されており、迅速な襲撃には適していません。,,,,,
luxury_goods,RESOURCE,セクターのどの世界のエリートも、貴重なもの、希少で実際の人間の職人によってよく作られたものを求めています。,,,,,
lobster,RESOURCE,いくつかの古代地球の種と少しの想像力の混合が、この生物を生み出しました。これは、ボルトゥルンの海底の圧倒的な深さで野生に育ちます。その味は特別だと言われています。,,,,,
luddic_furniture,RESOURCE,惑星で自然に育った木材から作られ、師匠から弟子へと受け継がれた方法に従って手工具で作られたルディック家具は、セクターで希少で非常に名誉ある所持品です。,,,,,
ships,RESOURCE,低品質でしばしば技術的に欠陥のある「輸出グレード」の船体と武器で、商業コンボイを装備し、基本的なシステム防衛パトロールを形成するのに十分です。最高品質の宇宙船資材の大量取引は、派閥の境界を越えてほとんど存在しません。,,,,,
planet_nidhogg,CUSTOM,ガス巨人イグドラシルの近接により地質的に不安定な月で、潮汐力がニズホッグの内部を絶えず加熱し、攪拌します。亀裂や火山が表面に点在し、彼らが噴出する溶岩は焦げた地殻を何キロメートルも流れます。,,,,,
planet_ratatosk,CUSTOM,イグドラシルの放射帯に打たれるとわずかに光る大気のかすかな層を持つ、無生物で不毛な岩石シリケートの月。,,,,,
planet_raesvelg,CUSTOM,水とアンモニアの氷がこの世界の巨大な亀裂と混沌とした耕された平原を形成しています。表面の下には、氷と岩石シリケートでできた地殻の間に無生物の液体海の小さなポケットが閉じ込められています。ドーム状の都市のほとんどは崩壊以来放棄されていますが、最近のヘゲモニーの戦略政策は、特にヘゲモニーの退役軍人による再工業化と入植を奨励しています。,,近くのラグナル複合施設やトライ・タキオンプロジェクトからの休暇中の乗組員や労働者が、賑やかなナイトライフと闇市場を支えています。揮発性鉱採掘は、ヘゲモニーの燃料供給の安定した基盤を確保するために与えられた開発助成金によって奨励されています。,,,
planet_skathi,CUSTOM,窒素とメタンの氷の流れが、この凍った月の岩石シリケート/氷マントルの上にあるほとんどの地殻を形成しています。ヘゲモニーはかつてトライ・タキオンに独占開発のライセンスを与え、主にニフルヘイムから揮発性物質を吸い上げる広大な処理プラントと必要な支援インフラを含んでいました。これはすべて、ドメイン法の下で違法と見なされる科学を行う秘密の研究施設のカバー話であるという噂が広まっていますが、トライ・タキオンの協力の時に送られた検査官は、報告書に不適切なものを含めたことはありません。,,スカシの産業抽出の機械によって押しつぶされたすべての人類の中で、トライ・タキオンは、企業の階段を登るために必要な卓越した才能と意志を示す少数の優れたパフォーマーを上手く取り込んでいます。,,,
station_ragnar,CUSTOM,ヘゲモニーの骨董品置き場であり、システムパトロールを支援するためにここに駐留する駐屯軍とリーグの侵入を抑制するための艦隊に加えて、ラグナル複合施設は改装を待つ船のハルや、友好的なメガコープに契約される船の解体のためにアルカディアに運ばれる船のハルを保管しています。このステーションは、伝統的に平凡さを静かに生き抜くために送られた高齢の士官によって指揮されています。, ,「墓」と呼ばれるこの場所では、壊れたハンガーとガントリーの弧が、検査を待つ休眠状態の船体を一列に抱えています。ほとんどは暗く、検査クルーや物資を取り除くための溶接トーチの光だけで照らされています。影の艦隊の中心近くには、民間の請負業者、海軍の乗組員、海兵隊員、ヘゲモニーの管理者が住むハブリングの山があります。,,,
station_mimir,CUSTOM,トライ・タキオンの一般的なガス巨人「鉱山」を改造するためのイニシアティブの産物で、オウヤンプロセスを使用してガスを吸い上げます。このプロセスはエネルギーを多く消費しますが、重い同位体の安定した引力が得られると自己持続可能になります。ニフルヘイムから特に重い揮発性物質の混合物を引き出すことができ、これらはスカシの月で無数の有用な形態に加工されます。,,トライ・タキオンの幹部と管理者からなる支配階級が、切り詰められたシェル企業のネットワークから構築された小さな政治体、より会社の町を監視しています。絶望的で貪欲な人々が高い報酬によって近隣のシステムから引き寄せられます。しかし、コストはしばしばより高くつくことが判明します。,,,
,,,,,,,
planet_maxios,CUSTOM,小さな地球型惑星であるマキシオスは、かつてこのシステムの国際的な中心地でした。今では古代と新しい衝撃の跡が点在し、崩れかけた軌道防衛システムは断続的なカバレッジしか提供していません。政治体は実質的に崩壊し、現在の人口は不明です。略奪者と生存者が時折衝突し、武器の点滅と低レベルの戦闘の電磁ノイズが、ガス巨人の電気嵐のようにスパッタリングしています。,,,,,
hot_gas_giant,CUSTOM,親星に異常に近いこのガス巨星は、おそらく外部の星系で形成され、その後、何らかの悪党の宇宙質量との偶然の遭遇により内側に移動した。主に水素とヘリウムのガスで構成されており、コアの温度と圧力は極端である。,,,,,
planet_tartessus,CUSTOM,ルド教団の地方支部の本拠地であり、システムの経済中心である。タルテッスの静かなコスモポリタンセンターは、穏やかで温かい海の周りに集まっている。世界の人口は様々な宗派のルド教徒によって支配されており、規模は大きいが、主に農村部で農業を営み、手工芸品の輸出を通じて一般的に信心深い生活を送っている。,,古く乾燥した世界であり、地球標準に比べて大気中の水の割合がはるかに小さい。活発なプレートテクトニクスはなく、非常に浸食された山々と沈泥した浅い海が広がっている。大気と磁場は表面を恒星放射から守っている。最もアクセスしやすい鉱物資源は、発見後すぐに貪欲な産業主義の嵐の中で採掘された。,,,
planet_baetis,CUSTOM,タルテッサスのL4に捕らえられた外部星系の矮星で、荒れた表面から揮発性物質の雲が蒸発しています。星系の初期植民地化から残された風化したインフラは、タルテッサスから追放された外部の無信者や異端者の活気ある人口によって再定住されています。宇宙港自体は、商業活動からの十分の一税を徴収するルドの騎士団によって後援された軍事管理の下で運営されています。,,着陸場の周りには、リラックスしたい旅行者のために喜びに満ちた味気ない邪悪を宣言するアドホロが芽生えています。ここでも教会の道徳的枠組みが支配していますが、利益が逆転しています。ビジネスや布教のためにここを訪れる者は、バエティスの肉の壺を否定する素晴らしいデモンストレーションを行うことができます。,,,
planet_daedaleon,CUSTOM,トライ・タキオン社が運営していたかつての研究基地の跡地で、大規模な封じ込め失敗が非常にエネルギーの高い自己持続的なプロセスまたは物体を解放し、地殻に溶け込み、今なお異常な粒子を噴出する奇妙な放射線の噴煙を残しました。この月は、ルドの騎士団によって維持される軌道上の危険ビーコンのネットワークを除いて、すべての人間活動が放棄されています。,,,,,
planet_hesperus,CUSTOM,薄く冷たい大気を持つ氷の世界で、Eos Exodus星系のルド教団による乗っ取りの時期に惑星の工業的なテラフォーミングは停止されました。苦難の中に美徳が見出され、騎士団はヘスペルスの表面に散らばる武道的な修道院コミュニティでこの苦難を受け入れています。限られた有機物の採掘が許可されており、契約は信者のみに授与されます。セイックスとヘスペルスの管理は、単一のプレズビター・オルビスのオフィスで共有されています。,,修道院は特に崇高な裂け目、火山シールドの岬、または氷の世界を包む地殻を突き破ったプルトンにしがみついています。これらは、騎士団からの特別な許可なしに外部の訪問者、特に無信者を禁じています。しかし、現職のプレズビター・オルビスの権限により、移動する氷の上に建設された特別経済区が民間の着陸ビーコンを送信し、外部の商人を港に呼び寄せます。,,,
planet_ceyx,CUSTOM,Eos Exodus星系で最も多くの軍事施設が集中する捕らえられた矮星です。騎士団は広大な地下船舶施設、武器庫、兵舎、そしてルド艦隊の本拠地に期待されるすべての訓練、管理、住宅施設を適用し、拡張しました。セイックスとヘスペルスの管理は、単一のプレズビター・オルビスのオフィスで共有されています。,,セイックスの周りには軍事通信の偏執的なささやきが響き渡り、地下の要塞や防御施設は、傷ついた月の表面にターゲットグリッドのように広がる熱放散ネットの見えない光によってその存在を暴露しています。,,,
planet_chaxiraxi,CUSTOM,メジェクの近くを公転する熱いガス巨星で、主に水素とヘリウムのガスで構成されており、コアの温度と圧力は極端です。主星に近いため、チャクシラキの外層は常に加熱され、長い光るイオン化粒子の噴煙が剥がれています。ガススキマーは時折、軽い揮発物を収穫するために磁場コレクターの空気の翼を展開します。,,,,,
station_new_maxios,CUSTOM,かつてディスクでの採取作業の主要なハブであったこのステーションは、マキシオスの崩壊からの難民で溢れ、この処理施設のハブは市民の住居に変わりました。絶望的な粘り強さと苦労して得たノウハウを通じて、難民たちは新しい市民社会だけでなく、散在する小惑星鉱山や独立した調査者を支える軌道上の工場も築きました。,,"ディスク全体に対する主な派閥の認識を強制するには小さすぎるが、ノヴァ・マキシオスはそれでもマキシオス憲章の後継政体であると考えています。

小さな民兵海軍によって施行される交通管理は厳格ですが礼儀正しいです。独立した宇宙船は、ノヴァ・マキシオスの粗野な船体や広場でいとことして歓迎されます。",,,
station_tse_enterprise,CUSTOM,このステーションは傭兵募集の中心であり、好ましくない要素との商業的インターフェースです。数十年前、トライ・タキオンの任務部隊が信憑性のある権利書と説得力のある戦艦を持ってこのステーションを占拠しました。その後、企業艦隊の利用のためにTT認定の貿易港と宇宙船ドックが整備されました。新しい賃料を支払うことを拒否した者は追い出され、顧客満足度は現在90％を超えると噂されています。,,"主に引退した海賊、追放された過激派、裕福な難民によって populated されており、貨物コンテナのIDがここで消去され、再タグ付けされていることが広く知られています。これにより、コアワールドの合法的な経済に安全に再循環されることができます。

カクテルバー「レベル25」は、地元のボリュームで最高の飲み物を提供していると言われています。",,,
station_kantas_den,CUSTOM,"この小惑星の居住地は、ゲートの崩壊後間もなく、マキシオス憲章の崩壊の際に、非常に野心的なドメインの物流士官であるカンタ大佐によって占拠されました。彼女はその後、ドメインの後継国家であるヘゲモニーに参加しましたが、ペルシアンセクターへの侵攻中に戦闘指導者オネシモス・ロケと取引をするために彼らを裏切りました。ロケが敗北した後、カンタは自ら戦闘指導者の称号を得ました。

このステーションは、ステルス地雷と粗雑な火力基地の雲によって保護されています。カンタ自身は、目覚めている時間でほぼ200歳であると噂されており、小さな海賊王朝を率いており、「家業」に対して厳格な個人的管理を維持しています。",,交通管制は、ドッキング船から賄賂を強要しようとしないときは、海賊襲撃者と粗雑なジョークを交わすことに時間を費やしているようです。切り刻まれた宇宙船の船体がアートフルに配置されており、近くで調べると、宇宙鉱夫のピトンを使って取り付けられた真空乾燥した遺体が見つかります。メッセージは明確です。,,,
orbital_station_default,CUSTOM,巨大な宇宙ステーションで、造船所、居住地、工場、大量の武器や物資をホストすることができます。これらのプラットフォームは、人類が既知の宇宙全体に軍事的および産業的な力を投影することを可能にします。,,,,,
shepherd,SHIP,"Koコンバインr450「シェパード」は、比類のない信頼性、低コスト、乗組員の快適さを考慮した内部容量を持つ民間ドローンテンダーの標準を設定します。さまざまなサバイバリストや海賊グループによって組み立てられた非常に人気のある戦闘改造パッケージ「HK」モッドは、戦闘用に船体を強化し、工場仕様のシステムを超加速させるための仕様で構成されています。改造されても、シェパードは脆弱であり、民間生活と同様に「ボーラー」ユーティリティドローンの群れに依存して作業を行います。

「ボーラー」は、高放射線や物理的衝撃が予想される危険な作業に適したシールドを備えた頑丈で機動性のある半自律型ドローンシャーシの上に構築されています。一般的に鉱業用途で使用されており、救助、弾薬処理、さらには核崩壊のクリーンアップにも使用されています。HKモッドパッケージは、主要な切断ビームの焦点を変更するための仕様を提供し、初歩的なAIに古いドメイン植民地駐屯軍ドローンソフトウェアから盗用された粗雑な戦術アルゴリズムをパッチします。モッドパッケージの付録は、非戦闘状況でHK改造ドローンを使用する際の注意を推奨しています。",,,,,
luddic_church,FACTION,ドメインの崩壊時に「ルッド」として知られる人物の殉教に触発された銀河的贖罪の教会は、アブラハムのテキストと外典のコアから形成された非常にシンクレティックな教義を持つ階層的な教会です。教会は、よりシンプルに生きる生活のビジョン、農業的美徳と人間的価値、そして崩壊以来、セクターを引き裂いてきた暴力と技術的疎外に対する祈りを提供します。,,,,,
knights_of_ludd,FACTION,銀河的贖罪の教会の軍事部門は、過去の千年にわたる修道士の戦士社会をモデルにしています。教会の支配地域では、彼らは技術的正しさを強制する権限を持ち、力を通じて美徳を促進し、悪を懲らしめることを保証します。教会の支配外の地域では、可能な場合、同様のことを密かに強制します。,,,,,
luddic_path,FACTION,ルド左派は、ルドのメッセージのより真実な解釈を主張する、緩く関連付けられた過激な、分散型の終末的なルド主義の教派のカテゴリーです。彼らは教会を妥協し腐敗したものと見なし、これらの終末の時代において真のルド的道よりも世俗的なエゴと快適さを優先しています。アルマゲドンの戦争は今であり、線は引かれています！力強い正義の行動を通じてのみ善は悪を滅ぼし、暴力を通じてのみ人類の傲慢と神への反逆の忌まわしさが最終的な贖罪の行為で一掃されるでしょう。彼らはそう主張しています。ルド左派は必然的にセクター内のほぼすべての他の派閥と対立することになります。,,,,,
pirates,FACTION,技術的には統一された派閥ではなく、むしろ、セクターの既存の権力と共通の敵対性を持つ、バンディット、強盗、脱走兵、略奪者、運の兵士、傭兵、自由な艦長の緩いカテゴリーです。多くの海賊は主流のセクター社会からの逃亡者であり、通常は現状に抑圧され、コアワールドからの密航者です。ほとんどの海賊艦長は自分たちをそのように呼ぶことはほとんどなく、むしろヘゲモニーやリーグの無能な支配に挑戦する者として自分たちを見ており、誤った社会によって引き起こされた不正に対する復讐を求め、巧妙さと大胆さを通じて取れるものを取っています。これらの艦長は自由と栄光への飽くなき渇望によって特徴付けられます。自然に、彼らは公式の識別ビーコンを持つ者にあまり考えを巡らせず、他の海賊である仲間の旅行者に対して寛大さを留保します。,,,,,
sindrian_diktat,FACTION,シンドリア統合軍は、かつてヘゲモニー海軍に所属していたフィリップ・アンドラーダ提督が率いる、アスコニア星系での比較的最近のヘゲモニー軍事介入に基づいて設立された政体です。アンドラーダのヘゲモニー心理プロファイルは、彼を「知的でカリスマ的だが、自己愛的な過剰に陥りやすい」と記述しています。彼の言葉によれば、ディクタートは「アスコニア危機の炉の中で形成され、新しい人々が生まれた：強い意志と目的の明確さを持つ人間の種族であり、分裂や小さな議会政治を克服する意志と決意を持っている。ゲートシステムの崩壊によって試されると、混乱しか生まれなかった。」とされています。セクター全体からは軍事独裁政権と見なされています。,,,,,
asharu_platform,CUSTOM,アシャルのテラフォーミングプロジェクトのための放棄された軌道ステージングエリア。廃棄されたバルクキャリアのセグメントが空になった燃料タンクのハニカムの間に溶接され、かつてはエンジニアや入植者で賑わうコンコースを形成していました。ハンガーは、いくつかの傾いた剥がれた船体を除いて空っぽです。受動エネルギーコレクターと三次的ライフサポートモジュールが、ステーションをかろうじて機能させ、軌道に留めています。ここで価値のあるものが見つかるとは誰も思わないでしょう。,,,,,
pirate_base_generic,CUSTOM,「冒険者」やフリーブーター、傭兵などの悪党が集まる海賊基地。通常は主要派閥の利害関係の間の暗い場所に隠れた小さな前哨基地です。ここには法律はありませんが、勇気と見せかけの暗黙のコードが緊張した平和を維持し、取引が行われ、情報が交換され、悪徳商人に戦利品が売られることができます。,,,,,
planet_barad_a,CUSTOM,この世界の厚い氷の地殻は、表面に点在するクリオボルケーノによって供給されています。これらの凍った荒れ地は、かつてこの世界の揮発性元素が大規模に採掘され、他の星系でのテラフォーミング作業に供給されていた時代のマスドライバーのガントリーによって傷つけられています。古い設備の一部は、アンモニア氷の氷河の間でかろうじて生計を立てている独立した鉱夫たちによって占有されています。,,大規模な揮発性物質の採掘の証拠は残っていますが、ガルニールの表面は現在、家族経営の小さな鉱業会社の数を除いてほとんど放棄されています。規模の効率は失われていますが、安全規制や関税がなければ、まともな（正直ではないかもしれませんが）生活ができるという考えがあります。残念ながら、これは非常に珍しい結果です。,,,
pirate_base_barad,CUSTOM,元々はエリダニ・ユートピアによって大規模なテラフォーミングプロジェクトのための揮発性物質の採掘を調整するために建設されましたが、崩壊後、乗組員や企業の役員がより文明的な政治体制に逃げたため、駅は放棄されました。それ以来、この駅は「冒険者」やフリーブーター、ヘゲモニーの監視の目と重い手を避ける傭兵たちに占拠されています。,,ここには法律はありませんが、勇気と見せかけの暗黙のコードが緊張した平和、正確には停戦を維持し、取引が行われ、情報が交換され、戦利品が売られます。バラドの月で働く独立した鉱夫たちがここに集まり、彼らの収穫を売り、誇張した話を交換し、リラックスします。,,,
station_achaman_enterprise,CUSTOM,アチャマン駅の価値は、グアヨタのディスクのさまざまな住民が、通常は海賊やディスクの難しい航行を避けるためにリスクを冒さないセクター全体の商人と交流するための比較的安全な寄港地としてのものです。トライ・タキオン社は、駅の「管理者」として、その価値を巧みに利用するのに適した位置にあり、実際にそうしています。アチャマン駅ではすべてが売られていると言われています。,,"輝く輸送機がトライ・タキオンの幹部をここに運び、地元の人々から金属や原材料をだまし取ります。その見返りに、彼らは通常のレクリエーションやパフォーマンス向上の「薬」を受け取ります。

トライ・タキオンの品質保証はここでは法律です - トライ・タキオン社が提供するガジェット、商品、工具、ライフサポートに対して迅速なサブスクリプション料金の支払いを確保すれば、「トップトリートメント、トライ・タキオン方式！」を受け取ることができます。",,,
planet_tibicena,CUSTOM,惑星のストリップマインであるティビセナの苦しむ地殻は、大きな採掘機器の例で散らばっており、ペルセアン産業が地元のセクター供給チェーンの制限に適応したことを記録する真のオープンバキューム博物館です。,,ティビセナの表面には、貴重な鉱石のベルトを引き裂く巨大な採掘機械に従う移動作業キャンプしか存在しません。鉱夫たちは悲惨な条件で働き、彼らの賃金を貯めて軌道に打ち上げ、アチャマンエンタープライズステーションのきらびやかな楽しみを楽しむことを目指します。効率的に、そして徹底的にクレジットを搾り取られ、実際には平均して多額の借金を抱えた彼らは、すぐにティビセナの「穴」に戻ることになるでしょう。,,,
hegemony,FACTION,"ヘゲモニーは、ドメインの後継国家であり、ドメインゲートネットワークの崩壊によって後進的なシステムに閉じ込められた「失われた軍団」によって形成されました。ドメインスタイルの戒厳令を無期限に延長するプロトコルの創造的な解釈に基づいて構築されたヘゲモニーの創設者たちは、ドメインを復元し、したがってセクター全体、さらには銀河全体に安定、平和、繁栄をもたらすことが最も重要であると信じていました。人類の生存が危機に瀕しており、ヘゲモニー軍の規律だけが人間文明の正常性の一部を育むことができる世界を保護しています。大義を脅かすものはすべて無力化されなければなりません。もし少数の活動家が大義のために抑制されなければならないのであれば、それも仕方ありません。

民間の階層はヘゲモニーの支配下にある惑星やステーションを統治するために存在しますが、完全に軍に従属しています。民間組織の具体的な内容は、ドメインの方針に従って世界ごとに異なります。疑問がある場合、ヘゲモニーは政治組織を指示するために修正されたドメイン時代の植民地憲章を適用します。この標準憲章の民間階層は一般的に選挙で選ばれますが、戒厳令に従って有効な候補者は地元の軍事当局の承認を受けなければなりません。特別な時期には特別な措置が必要ですが、ヘゲモニーはドメインを設立したのと同じ原則の下で銀河の民主主義の揺らめく炎を育んでいます。",,,,,
tritachyon,FACTION,"ゲートの崩壊後、ペルセアンセクターで最も強力なメガコーポレーションであるトライ・タキオン社は、最先端のAI開発（特にいくつかのケースで自律型アルファ+レベルのAIに関するドメインの禁止を違反）や、ハイパードライブ、発電機、エネルギーコンバータ、フォースフィールド、もちろん武器を含むエキゾチックな高出力デバイスに特化しています。崩壊以来、トライ・タキオンはその業務を多様化し、ペルセアンセクター全体に投資と適用技術を浸透させています。敵対的な派閥でさえ、ハードワイヤードバックドアを正当な理由で警戒しているため、普遍的なトライパッドPDAのような標準的なトライ・タキオン製品を使用せざるを得ません。

ある視点から見ると、トライ・タキオンの企業憲章の特異な自己修正アルゴリズム機能は、ヒューマンコーポレートオフィサーを不可欠な要素として雇用するAIの抽象的な形態と見なされるかもしれませんが、この哲学的議論は、追加の技術禁止違反で会社を有罪にするのに十分な力で解決されることはありませんでした。",,,,,
persean,FACTION,"ヘゲモニーのセクター支配に対抗するために形成された同盟。リーグのメンバーは、国内問題やその他の問題に関して必ずしもすべての問題で合意しているわけではなく、互いに武力衝突を引き起こすことさえあります。しかし、リーグは、ドメインという死んだ政治的存在の名の下に戒厳令を不正に施行していると考えるヘゲモニーに関しては団結しています。リーグは、その法律によって、特に干渉的なメガコーポレーション、軍閥、ルド左派などの他の外部の脅威に対抗して団結します。

ペルセアンリーグは、本質的に平等主義的でも個人の自由を支持するものでもありません。リーグの目的は、構成する政治体の自由であり、それらの政治体の内部政治に関する問題はそれぞれの判断に任せられます。ドメインが支配する世界の国内政策に介入したかもしれませんが、リーグはそのような介入を明示的に禁じています。",,,,,
independent,FACTION,独立勢力は、特定の統一された派閥ではなく、主要な派閥との関連がないことによって統一された、緩やかな政治体と自由なエージェントのカテゴリーです。独立した世界とそれを故郷と呼ぶ宇宙飛行士たちは、しばしば評判データを共有し、互いに寛大に取引し、協力して短期的な安全保障や軍事行動を行い、共に維持してきた自由をより良く守るために協力します。同様に、信頼が崩れることもあり、独立勢力は互いに疑いを持って好意を拒否し、激しく競争し、隣人の不幸を見て見ぬふりをすることもあります。,,,,,
planet_chicomoztoc,CUSTOM,ペルセアンセクターで最初に植民地化のターゲットとなった惑星の一つであるチコモズトクは、産業の中心となることを選ばれ、大規模なナノフォージのネクサスをホストすることになりました。発見時にはわずかにテラフォーミング候補でしたが、急速な初期産業とその後の戦争によって、複雑な硫黄化合物、有機物の精製副産物、そして懸念されるが管理可能なアクチニウムの微塵で大気が窒息しています。,,チコモズトクの膨大な人口は地下のアーコロジーに住んでおり、強力なデマゴーグによって支配される結合したハイブシティで、失業者の大衆に改革と雇用を約束しています。また、彼らの母体連合に仕える多くの競争するテクノクラット/犯罪者の後援ネットワークのメンバーでもあります。ハイブは時折、暴動、抗議、反乱によって封鎖されますが、フォージが安全に保たれ、商品、機械、工具、宇宙船の船体の山を生産し続ける限り、ヘゲモニーの支配者たちはこの人類の大いなる地下世界に軽く干渉するだけです。,,,
planet_eventide,CUSTOM,エベントイドはほぼ潮汐ロックされた世界であり、他の点ではテラフォーミングの理想的な候補であることがわかりました。エベントイドでは、年にわずか1日しか経過せず、極端な冬の夜と夏の日が続き、その間に穏やかな黄昏の期間があります。星の鏡やシェードを賢く使用することで、慎重に維持された領域の大きなポケットで理想的な条件が保たれ、人口の大部分が広大な貴族のエステートプランテーションに囲まれた賃貸の都市カントンに定住しています。,,エベントイドの主要な家族は、居住可能な島を維持するための太陽鏡やシェードを支援しています。一方、恥をかかされた貧しい人々は、遅い夏の日/冬の夜の季節サイクルの厳しい気候変動を完全に耐えなければならない黄昏の周辺に住んでいます。文化的に保守的な惑星メディアは、主に主要な家族の社会的儀式や策略に関心を持っています。エベントイドの支配的な倫理は、ヘゲモニー軍に不均衡に多くの士官を提供することに寄与しています。,,,
planet_coatl,CUSTOM,トラロカンのこの不毛な月は、トンネル、バンカー、ハンガー、サイロ、バッテリーで貫通しており、チコモズトクの地元の政治に巻き込まれることなくアズトランシステムを制御する重要なヘゲモニー軍の基地を形成しています。,,月の地殻には、ヘゲモニーが敵の情報に知られたくない重火器バッテリーの場所を示す規則的なポックマークが弧を描いています。他のものは、レゴリスの殻の下にランダムに分布して隠されており、キルショットが現れたときに外側に爆発する準備が整っています。,,,
station_coatl,CUSTOM,セクターへの最初の大移住波からのシードシップのコアを中心に構築されたコアトルバスティオンは、外部の誰もがレビューしたがらないほど多くの役割と名前を変更してきました。現在、アズトランシステムのためのヘゲモニー軍のC3センターと訓練施設をホストしています。,,ペルセアンセクター全体からのフレッシュな顔の士官候補生たちがコアトル駅の廊下を埋め尽くし、任務の合間を急いで移動したり、リラックスしているときでも上司の叱責を恐れて硬直した不安な表情を浮かべています - この段階では、どの士官でもあり得ます。,,,
planet_zorrah,CUSTOM,この岩氷の月全体は、搾取による軌道から見える傷を持っています。伝統的に、チコモズトクの産業の大口を満たすために、あるメガコーポレーションにチャーターされてきましたが、常に飢えていて決して満足することはありません。,,,,,
planet_hanan_pacha,CUSTOM,惑星破壊兵器によって廃墟と化した火葬の世界で、数百万の死者の灰が人為的火山活動によって供給される惑星規模の嵐によって大気中に浮遊しています。,,ハナン・パチャは第二次AI戦争中に惑星破壊兵器によって焼き払われました（もちろん、第一次AI戦争のようにAIが関与していたわけではなく、むしろAIの開発に関する疑惑の検査を行う権利に関するものでした）。この残虐行為の詳細に関する適切な調査は、和平合意の際に行われた譲歩により中止されました。,,,
planet_killa,CUSTOM,この月はまだ戦争の傷を抱えています。その主要な大都市のドームは引き裂かれ、破片の噴出物がハードバキュームにさらされた放射状のパターンで散らばっています。,,特に目立たない地形からの曖昧な赤外線読み取りは、レゴリスの下に隠れた居住地を示唆しています。キラの中には確実に生存者が隠れていますが、組織された政治体はセクター全体とのオープンな関係を維持していません。そして、トランプ貨物船の溶融した船体が何を示しているかを考えると、地元の人々はあまり歓迎していないようです。,,,
planet_viscacha,CUSTOM,外部システムから捕獲された、厚く有毒な大気を持つこの月は、その速い軌道と南半球の面白い形をした盆地の名前が付けられています。,,,,,
planet_qaras,CUSTOM,エリダニ・ユートピア社の取り残された要素によって、崩壊後にその場のインフラと備蓄を使用してテラフォーミングされた寒いが居住可能な世界です。カラスの魅力は、ハナン・パチャの輝きには決して匹敵しませんでしたが、後者が第二次AI戦争中に衝撃的に焼き払われるまでのことでした。,,初期の植民地時代、カラスはエリダニ・ユートピアによって運営されていた主要な揮発性物質/有機物処理センターでした。第二次AI戦争後、全システムは非武装化され、カラスは壊滅を免れましたが、すぐに傭兵と山賊の同盟によって押収されました。ヘゲモニーが再取得の努力をする価値はまだありませんでした。,,,
planet_donn,CUSTOM,孤独で古代の世界で、セクターの初期のロボットプローブはすぐにハイブラスイルシステムで形成されたのではなく、数億年前にハイブラスに捕らえられたことを確認しました。ドンは、容易にアクセス可能な重金属の濃度により、低から中程度の関心が寄せられました。,,時折、投資家を安心させるための力の誇示としてトライ・タキオンのパトロールに爆撃されるが、ドンは戦争時にトライ・タキオンが必要とする血に飢えた傭兵の理想的なリクルートまたは廃棄場であることが証明されている - 平和の時には捨てられる。,,,
planet_balar,CUSTOM,バラールは主に水、アンモニア、メタンで構成された氷の巨人です。氷の雲はほぼ穏やかに渦を巻いていますが、南極上空には一つの大きな暗い嵐があります。この異常を調査するための努力はほとんどなされていません。,,,,,
planet_cethlenn,CUSTOM,アンモニアの川、水氷の高原、メタンの氷河からなる凍った世界。バラールの磁場に捕らえられた荷電粒子が、セスレンの薄い大気の中で素晴らしいオーロラを生み出します。季節的に占有される有機物抽出リグは、セスレンの唯一の恒久的な集落によって支えられています。この都市は不規則な岩の岬の独特な弧の上に建てられています。,,トライ・タキオンの影響は、この名目上独立した政治体制において明らかです。広告ホロとTT製品は至る所に存在し、ペルセアンセクターの商業協定によって違法と見なされる「取り決め」から地元のビジネスや産業を通じて洗浄されたクレジットも同様です。,,,
planet_ena,CUSTOM,兄弟の衛星の中で奇妙に密度が高く岩だらけのエナの表面は、潮汐ストレスによって加熱された多数の間欠泉から噴出する凍ったガスの跡で交差しています。薄いが目に見える大気が、バラールの強力な磁気圏に捕らえられた荷電粒子のトーラスを供給しています。,,,,,
planet_crom_cruach,CUSTOM,この世界は無味乾燥で目立たないが、経済的価値の低い異常な硫黄化合物が豊富に存在する。ハイブラスル星系の植民地化の際、鉱業コンビナートはキュランの飢えた炉のために鉱石を採掘するための広範な作業を確立した。しかし、崩壊によりクロム・クルアハの市民行政は、内側の星系への最良のジャンプポイント近くのこの戦略的地点に影響を及ぼそうとする政治的かつ文字通りの戦闘の中で崩壊した。,,,,,
planet_culann,CUSTOM,キュランの有名な鉱山の中で最も古いものは、崩壊後すぐに疑わしくも主要なトライ・タキオン軍事基地に転換され、内側のハイブラスル星系や隣接する星系に力を投影していると言われている。最深部の兵器庫には、理解不能なAIの啓示によって明らかにされた秘術技術に基づく素晴らしい武器が含まれていると言われているが、二度の戦争の後、ヘゲモニーの検査官はこれらの噂を確認するためにまだ足を踏み入れていない。,,高性能の船用ガントリーがキュランの上空で輝く弧を描いて行進し、キュラン・スターフォージを子供の群れのように追いかけている。この惑星は重装備されており、対艦バッテリーが設置されている。トライ・タキオンのマーケティングは、受け入れベイやギャラリーにビジネスフレンドリーな歓迎のイメージを投影することに成功しているが、地表の下や軌道に浮かぶ恐ろしい武器の威力をほのめかすだけである。,,,
station_culann,CUSTOM,キュラン・スターフォージは数百年前にゼロG精製と冶金の主要な中心として設立され、ハイブラスルの近くの主星の効率的な利用を可能にする巧妙なエネルギー変換と蓄積技術のポートフォリオに強みを持つ企業によって設立された。この企業、その資産、そしてキュラン自体は、エネルギー変換、発電、投影産業を伝統的に支配しているトライ・タキオン社によって急速に買収された。,,商業用の受け入れラウンジのホロは、トライ・タキオンが設計・製造した武器システムの間違った端から生じた輝くデコヒーレンス製品を陽気に展示している。訪問する宇宙船の艦長には無料の飲み物が提供されることを、しつこいセールスパーソナからすぐに学ぶことになる。,,,
planet_eochu_bres,CUSTOM,ペルセアン星域の植民地化の終盤にテラフォーミングされたエオチュ・ブレスは、激しい急変する天候によって新たに引き裂かれた山々とフィヨルドの世界である。崩壊の直前に完成した軌道ミラーアレイにもかかわらず、依然として地球にとって最適な温度よりも寒い。,,輝くトライ・タキオンの企業アーコロジーが、混沌としたスラム街の広がりを見下ろしている。トライ・タキオンのサラリーマンは、高層都市ザナドゥでセキュリティドローンに守られて生まれ、生活し、死んでいく一方で、契約労働者の絶望的な階級は、法律を含むあらゆるものが売買される低層都市に住んでおり、そこでは企業のお金が絶対的な権力を持っている。,,,
inactive_gate,CUSTOM,かつての時代の遺物である無音のアダマンティウム製のリング。,,,,,
active_gate,CUSTOM,"無音のアダマンティウム製のリング。もしあなたが見る方法を知っているなら - そして今、あなたは知っている - あなたのセンサーは高次元からの微かな振動を検出できる。

それはかすかに聞こえる歌のようで、開かれるのを待っている扉のようだ。",,,,,
station_tigra_city,CUSTOM,人類がこのセクターに到着してから間もなく、ティグラリングでの鉱業が始まった。連続的な採掘の波は、ティグラステーションの運営を監督する権限を与えられたメガコープの回転を通じて、鉱夫のストライキや反乱を引き起こした。,,最初の鉱夫たちの子孫は、枯渇した鉱体や今やステーションのリングに埋め込まれた古い探鉱リグで、低重力の宇宙農場や修理工場を回転させるようになった。住民は祖先の頑固さを保っているが、地元住民と海軍クルーの間で起こる争いは、一般的にイデオロギー的抵抗ではなく酔っ払ったポスチャリングの結果である。,,,
planet_typhon,CUSTOM,主に水素とヘリウムで構成された、ほとんど目立たないガス巨人。数十年前、科学者の「内部告発者」がこの惑星がフェイズ技術の側面に似た特性を持つ異星生命の家族をホストしていると主張したことで小さなスキャンダルが勃発した。この科学者はエベントイドのケア施設に収容され、低軌道の権限は完全にヘゲモニーの軍事管理に委ねられた。,,,,,
planet_sphinx,CUSTOM,ペルセアン星域の初期植民地化の際にドメイン艦隊の物流センターとして設立され、スフィンクスの地表深くに小さなAM燃料生産施設が建設され、地元の反乱が発生した場合にドメイン艦隊に燃料を途切れさせない供給を提供していた。ヘゲモニーはこの戦略的展望を引き継いでいる。,,交通管理は厳格で、すべての到着船は対艦バッテリーによってタグ付けされ、追跡される。軍事化は民間インフラにも及んでおり、現在は非稼働だが、主要な通路や輸送ハブにはチェックポイント施設が設置されている。,,,
planet_orthrus,CUSTOM,メタン氷河に覆われた表面から水氷の山々が噴出している。いくつかの不規則な珪酸塩の高原は貧弱な鉱業の機会を提供している。決して繁栄した世界ではなく、オルトルスの採掘産業全体は世代にわたりヘゲモニー空間からの契約によって支えられてきた。,,外部投資家に支えられた小さな家族企業の評議会によって支配されているヘゲモニーのフェニックスは、オルトルスをその炎の翼の下に保護することは適切だと考えなかった。資源の埋蔵量が貧弱すぎ、戦略的価値は軍事化されたスフィンクスの月によって覆い隠され、政治体制はヘゲモニーの独立した世界への尊重を象徴するためにあまりにも有用であったため、完全に統合されることはなかった。,,,
station_chupi_orco,CUSTOM,かつてはチュピ・オルコの磁気圏を操作して人工的な嵐システムの最上部から揮発性物質を宇宙に引き込む巨大な産業機械であったが、コイル、発電機、タンクは今や空っぽになり、エネルギーランスによって生息空間が貫通されている。いくつかのハンガーとアクセス通路はまだ最小限の生命維持機能を示しているが、避けられないガス漏れと太陽電池の汚染がこのステーションを冷たく死んだ墓のようにするまで、哀れに残っている。,,,,,
lava_minor,PLANET,永久に形成された地殻を持たない地質的に不安定な惑星。光る亀裂と活火山が表面を散らしており、彼らが噴出するマグマは、焦げた表面を数百キロメートルにわたって流れる流れを形成している。,,,,,
planet_ithaca,CUSTOM,ほとんど磁場のない古い乾燥した世界であるイサカは、エリダニ・ユートピアテラフォーミング社によって良い候補と判断された。数十億年の間静かであったペネロペの星は、イサカとその兄弟世界オギジアの変革を促進するための活動の巣となったが、崩壊によって完全な混乱に投げ込まれた。,,表面スキャンでは、一時的な配置の散発的な存在が明らかになり、おそらく惑星学ラボ、地質調査サイト、そしていくつかのストリップマインが含まれている。小さなロボット気象観測所は時折、弱々しく無駄な無線信号を発信するが、機器は砂嵐によって無用のものに劣化している。,,,
planet_ogygia,CUSTOM,小さめの不毛な世界で、その表面には真に壊滅的で比較的最近の衝撃イベントの痕跡が残っているオギジアは、イサカの兄弟世界のために組織されているシステム全体のインフラのために、価値のある二次テラフォーミング候補と見なされていた。しかし、崩壊がこれらの計画を終わらせた。,,大規模な衝撃イベントによって、オギジアの全半球の多くが平均標高より数十キロメートル下に沈んだ冷たい溶岩の海となっている。人間の訪問の痕跡は剥ぎ取られた基礎と、奇妙なことに断層峡の底にある半分の放射熱を帯びたオンスロート級戦艦の船体だけである。,,,
station_telepylus,CUSTOM,モジュラー・ハンガー、産業ポッド、居住リングの森の下に埋もれた古い拡張時代のスポアシップのコアの周りに建設された広大な軌道ステーション。このステーションはかつて小惑星タンカーや外部システムをトロールする移動式精製所のための staging area であったが、今は完全に死んでいる。,,"主要な原子炉とすべての貴重な産業コンポーネントは剥ぎ取られ、広範な二次損傷から判断すると急いで行われた。パッシブバックアップシステムはその過程で機能不全に陥り、ステーションは主要なものから遠すぎて生命維持を維持するのに十分なエネルギーを受け取れない。ナビコンピュータの小さな警告信号は、ステーションの軌道が減衰しており、500サイクル以内にテレピルスの大気中で燃え尽きることを知らせている。
ステーションへのドッキングは推奨されない。",,,
planet_ismara,CUSTOM,冷たい氷の玉のような世界であるイスマラは、鉱山やマスドライバー施設を設置して、ペネロペの星の地球型世界を育成するために、内側の星系に向けてグラフェンで包まれた水と窒素パッケージのメガトンのスラブを発射するのに最適な場所であった。,,軌道からは線形マスドライバーの跡が容易に見えるが、近くでスキャンすると、残っているのは歪んだ支持柱の行進のラインだけである。超伝導コイルや他の貴重なハードウェアは長い間略奪されている。同様に、融合プラントや工場のドームは薄い大気に開かれ、死んだ生息グリッドの広がりはメタンの流れによって毎サイクル隠れていく。,,,
planet_nortia,CUSTOM,ガス巨人サルスのL4ポイントに捕らえられた大きな金属/珪酸塩の小惑星ノルティアは、かつて季節的なロボット鉱業と薬物乱用に専念していたが、アスコニア危機の際に難民であふれかえった。現在、システム内で最も強力な独立したチャータリスト反乱者の拠点を形成している。,,危機以降、ノルティアの鉱業および精製センターは広がりを見せ、腫瘍のようなロックフォームの郊外が形成されている。ここでは地表下の鉱山トンネルに従い、そこでは通信アレイ、太陽光発電装置、圧力ドームが泡立っている。市民の統治は、地下のチャータリスト抵抗勢力（二重の軍事階層/細胞構造で組織されている）と、合法的な政府を装った独立した密輸業者の地上カルトとの間の不安定な合意の形で行われている - それはヘゲモニーの外交的存在に似たものを誇っている。,,,
planet_druj,CUSTOM,死んでいて不毛な世界であるが、分化した金属コアを示唆する顕著な磁場を持っている。アカ・マイニュによって解き放たれたイオン嵐は、ダルジュに壮大な高エネルギー粒子を降らせ、揮発性物質を吹き飛ばし、レゴリスにナノフェーズ鉄の暗い弧を残す。,,,,,
planet_aka_mainyu,CUSTOM,主星に潮汐ロックされた熱いガス巨人アカ・マイニュの昼側は、数千キロメートル毎時の速度で蒸発した金属の風が吹き荒れる永遠の地獄の渦である。毎秒50万トンのイオン化ガスが大気から吹き飛ばされ、デュザク星系全体の内部ボリュームに検出可能な影響を与える複雑な渦巻き磁気尾を生成している。,,,,,
toxic_cold,PLANET,エタンとメタンの雲に覆われた濃厚な窒素の煙に包まれた凍った世界。表面は侵食された水氷、風に吹かれた有機化合物の砂丘、そして炭化水素の海で形成されている。液体の水は、潮汐加熱とマントル内部の崩壊する放射性元素によって駆動されるクリオボルケーノからメタンを含んで噴出する。,,,,,
slipstream,TERRAIN,ハイパースペースの流れは、古代の海の航海者が旧地球で航行した潮流に似ている。,,,,,
nebula,TERRAIN,水素、ヘリウム、そして塵の星間雲は、内部に隠れている艦隊を助ける可能性のある重要なセンサー雑音を引き起こす。(相対的に)厚い媒体は、ドライブフィールドの操作にも干渉する。,,,,,
event_horizon,TERRAIN,ブラックホールの事象の地平線近くの重力フラックスは極端である。,,,,,
pulsar_beam,TERRAIN,相対論的で磁化されたジェットが強い放射線と組み合わさっている。中性子星から一般的に放出される。,,,,,
corona,TERRAIN,星を取り囲む高温プラズマのハロー; ほとんどの船はコロナからの極端な放射線の爆撃に長時間さらされることに耐えるようには作られておらず、内部に留まるとダメージを受ける。,,,,,
corona_aka_mainyu,TERRAIN,高エネルギーイオンと非常に強い磁気変動の嵐。ほとんどの船はこのような極端な放射線の爆撃に長時間さらされることに耐えるようには作られておらず、内部に留まるとダメージを受ける。,,,,,
asteroid_belt,TERRAIN,小惑星が豊富に存在する軌道ゾーン。,,,,,
ring,TERRAIN,センサー雑音を引き起こし、内部に隠れている艦隊を助ける密度の高い塵または氷の円盤。この媒体は、船を有意に減速させるには十分な密度ではない。,,,,,
debris_field,TERRAIN,戦闘後、回収作業後、または単に重力的に安定した場所で漂っている残骸。,,,,,
asteroid_field,TERRAIN,小惑星が豊富に存在する空間のボリューム。,,,,,
magnetic_field,TERRAIN,高エネルギーの荷電粒子を捕らえる強力な磁場。内部に潜む艦隊のセンサー読み取りを得ることは非常に困難である。,,,,,
hyperspace_normal,TERRAIN,このトポロジー的にエキゾチックな、完全には時空でない媒体は、星艦が星間旅行におけるユークリッド幾何学の制約を回避するために使用される。,,,,,
hyperspace_deep,TERRAIN,このハイパースペースのボリュームは特に混沌としており、ハイパースペース調整された機器の性能を妨げる。,,,,,
hyperspace_storm,TERRAIN,このハイパースペースのボリュームは混沌としたフェイズシフトを経ており、激しく変動する共鳴カスケードを引き起こしている。いわゆる「ハイパースペースストーム」に長時間さらされることに関する古代の厳しい警告は、世代を超えて宇宙飛行士たちに伝えられてきた。,,,,,
hyperspace_abyssal,TERRAIN,センサーにほぼ侵入不可能で、ドライブフィールドに巨大な圧力をかける深淵のハイパースペース。多くの古い宇宙飛行士の物語の主題であり、ドックサイドのバーの快適さの中で笑い飛ばされることが多い。,,,,,
stellar_mirror,CUSTOM,太陽エネルギーを反射し集中させるために使用される超軽量の軌道ミラーアレイ。恒星ミラーは一般的なテラフォーミングツールであり、その使用技術はドメインの拡張期の黄金時代にエリダニ・ユートピアテラフォーミング社によって頂点に達した。,,,,,
stellar_shade,CUSTOM,太陽エネルギーを偏向し収集するために使用される超軽量の軌道シェードアレイ。恒星シェードは一般的なテラフォーミングツールであり、その使用技術はドメインの拡張期の黄金時代にエリダニ・ユートピアテラフォーミング社によって頂点に達した。,,,,,
kite,SHIP,"馴染みのある民間デザインである「カイト」クラスのエアロシャトルは、宇宙旅行の時代においても貴重な専門技術である航空工学におけるファブリック・オルビタルの評判を日々思い出させるものである。このコンパクトな宇宙/航空機は効率的な大気飛行のために流線型に設計されており、スムーズな着陸を確保するためにデルタレベルのAIサブシステムによって調整された短時間バーストの操縦スラスターのグリッドを誇っている（この点は、よく着飾ったカップルと溢れんばかりのワイングラスをフィーチャーした面白い広告ホロによってファブリックのマーケティングによって強調されている）。カイトはそのサイズの民間船としては強力なエンジンを持っているが、特別なサブシステムが作動していないときはゼロGの操縦性に不満が残る。

崩壊後の危険なサイクルにおいて、カイトはエグゼクティブクラスのビュードームの代わりに防御タレットを装備し、2つの補助ジェットポッドはミサイルシステムに置き換えられた（これらは限られた電源を引き出す必要がない）。公平な戦闘では立ち向かうことはできないが、カイトは予想外に鋭い歯を持たせ、スピードを利用して襲撃者から逃げることができる。ルド左派の過激派は、改造されたカイトを使用して無防備な貨物船に対して攻撃兵器を届け、その後操縦サブシステムを作動させて迅速に退避することが知られている。",,,,,
gryphon,SHIP,"グリフォンは重火力支援のための非常に機動性の高いプラットフォームを提供するために設計された専用のミサイル巡洋艦である。前線の巡洋艦ではなく、護衛が提供されるときに最も効果的に運用される。

アルタイル・エクソテックによって設計されたいわゆる「巡洋艦学校」の船の波の中で、グリフォンはゲートシステムの崩壊直前に流行した力の投影戦略の重要な要素であった。グリフォンは、任務部隊の指揮官が専門的な重火力のバーストを迅速に集中させ、攻撃型巡洋艦や駆逐艦の金床に対する壊滅的なハンマーを形成することを可能にすることを意図していた。ドメイン時代の戦術マニュアルにはそのように記載されている。

特に興味深いのは、グリフォンの船体統合ミサイルナノフォージである。この固定アーキテクチャのナノフォージシステムは、戦闘の真っ只中で密に詰め込まれた事前に調製されたフィードストックを狭い範囲の弾薬に非常に迅速に変換することを可能にする。これにより、グリフォンは集中した質量を望ましい武器に効果的に変換し、戦闘中のミサイルストックの補充を可能にする。このプロセスのフラックス出力はもちろん膨大であるため、敵の火力をブロックするためにシールドに依存している艦長が統合ミサイルナノフォージシステムを使用することは推奨されない。",,,,,
hammer,WEAPON,このダムファイアロケットは、崩壊前のパーセアンセクターで小惑星採掘者によって開発された民間用途のおかげで普及していた。装備が不足している者たちのための攻撃兵器として、ハンマーは貧しい独立民兵、海賊、特にルド左派によって最も頻繁に使用されている。このことがこの武器の軽い冒涜的な別名「ルドのハンマー」を生むことになった。,,,,,
hammer_single,WEAPON,このダムファイアロケットは、崩壊前のパーセアンセクターで小惑星採掘者によって開発された用途のおかげで普及していた。装備が不足している者たちのための攻撃兵器として、ハンマーは貧しい独立民兵、海賊、特にルド左派によって頻繁に使用されている。このことがこの武器の軽い冒涜的な別名「ルドのハンマー」を生むことになった。,,,,,
hammerrack,WEAPON,"このダムファイアロケットは、崩壊前のパーセアンセクターで小惑星採掘者によって開発された用途のおかげで普及していた。装備が不足している者たちのための攻撃兵器として、ハンマーは貧しい独立民兵、海賊、特にルド左派によって頻繁に使用されている。このことがこの武器の軽い冒涜的な別名「ルドのハンマー」を生むことになった。

ハンマーバラージマウントは、量の便宜性の刺激的な例を提供する。",,,,,
jackhammer,WEAPON,"このダムファイアロケットは、崩壊前のパーセアンセクターで小惑星採掘者によって開発された用途のおかげで普及していた。装備が不足している者たちのための攻撃兵器として、ハンマーは貧しい独立民兵、海賊、特にルド左派によって頻繁に使用されている。このことがこの武器の軽い冒涜的な別名「ルドのハンマー」を生むことになった。

この特定の三発マウントは、ある賢い宇宙飛行士が民間のラックサイクラーを船体を揺らすような一発二発三発の連続射撃に改造する方法を考え出したときにその名を得た。この改造は、セクター全体に一夜にして広がった。",,,,,
squall,WEAPON,"中距離対シールドミサイルは、戦闘の開始ラウンドで無警戒な相手のシールドを無効にするために使用され、高ダメージの対装甲弾をスコールの発射後すぐに展開する機会を提供することを目的としています。

交換可能なミサイルポッドは、印象的な20発のスコール発射の迅速な再装填を容易にするために設計されましたが、ポッドの高い質量とミサイルオートローダーの扱いにくい機構により、プロセスは扱いにくく、タイミングは元のドメインアルマダの仕様をやや下回ります。それでも、スコールはシールドに依存する戦闘者に対して展開されると恐ろしい兵器システムであり、十分なポイント防御システムを持たない艦長にシールドを無効にするか、高いシールドフラックスに従うことを強いる可能性があります。これはオーバーロードにつながる可能性があります。",,,,,
locust,WEAPON,"大量の弾薬を発射して敵の戦闘機小隊を一度の発射で圧倒し、無力化するために設計された大きな短距離誘導ミサイルシステム。ローカストはより大きなターゲットに対しても使用できるが、シールドと装甲がすでに破られていない限り、相対的な効果はほとんどない。

ローカストは一度の発射で30発の小型ミサイルを発射する。頑丈で低電力の個別追尾システムは、分散型スワームインテリジェンスシステムによって調整され、ターゲットの優れた追尾を可能にし、化学マイクロスラスターが短時間の操縦性を提供する。古いスタンバイのスワーマーミサイルシステムに基づいた信頼性の高いターゲティングアルゴリズムにより、ローカストはほとんど外すことがない。ローカストは戦闘機パイロットの悪夢の中で正当にその地位を得ている。",,,,,
forgevats,SHIP_SYSTEM,事前に調製されたフィードストックを戦闘中にミサイル弾薬に迅速に変換することを可能にする固定アーキテクチャのナノフォージシステム。このプロセスのフラックス出力は膨大であるため、攻撃を受けている間に統合ミサイルナノフォージシステムを使用することは推奨されない。,特別,使用時に一部のミサイル弾薬を補充し、大量のフラックスを生成する。,,再装填されるミサイルの量は、スキルやハルモッドからの修正が加わる前の各武器の基本弾薬容量に等しい。,
forgevats_station,SHIP_SYSTEM,戦闘中に事前に調製された原料をミサイル弾薬に迅速に変換する固定アーキテクチャのナノフォージシステム。,特別,使用時に一部のミサイル弾薬を補充します。,,再装填されるミサイルの量は、スキルやハルモッドからの修正が加わる前の各武器の基本弾薬容量に等しい。,
starliner,SHIP,"より文明的な時代の旅客船、ムバイ・ゴゴル440「スターライナー」は、ドメインのシステム間を迅速かつ快適に移動するために建造されました。スターライナーは、プライベートファーストクラスキャビン、2つの食事サービスクラス、ゼロGシアター、さらにはエグゼクティブクラスの乗客専用の小さな着陸/発射場を備えています。（民間船であるため、もちろん戦闘機の修理や再武装の施設はありません）。

スターライナーは、乗客の安全を確保し、船体を日常的な摩耗から保護するために前方シールドを装備しています。セクターの現実に合わせて改装されたこの船クラスは、全帯域対ミサイルフレア発射装置や多数の砲塔を常に装備しており、冒険感を呼び起こすだけでなく、カジュアルな海賊行為を抑制し、各チケット販売に「弾薬サーチャージ」を正当化します。",,,,,
nebula,SHIP,"ムバイ・ゴゴル430「ネビュラ」の体積が大きく扱いにくい船体は、星間旅行のロマンを高めることはほとんどありませんが、同クラスの船としては尊敬すべき乗客と貨物の容量を確保しています。実際、ネビュラはその最初の生産ラインの控えめな評価以来、中堅の旅客サービスを徐々に支配するようになりました。

ネビュラは、乗客の安全を高め、船体のメンテナンススケジュールを延長するために前面シールドを装備しています。そして、このセクターが何であるかを考慮して、いくつかの弾道タレットと全帯域対ミサイルフレア発射装置が幸運な場所に取り付けられ、支払った乗客の福祉がオペレーターの最優先事項であることを保証しています。",,,,,
mudskipper,SHIP,"主に惑星間フェリーとして使用されるマッドスキッパーは、実際に星間旅行が可能です。この船は内蔵のシールドジェネレーターを持たないため、耐久性のある（民間船としては）装甲に依存して乗客や貨物を保護しなければなりません。戦闘においてマッドスキッパーに期待は薄いですが、一般的には後方に向けたタレットが装備されており、人気のサラマンダーミサイルの攻撃を防ぎます。

最初は「ペガサス」クラスとして生産されましたが、商標権の主張により公式文書ではモデルコードに戻されました。オペレーターはすぐにMGA-220モデルに「マッドスキッパー」という名前を付け、その名前が定着しました。この頑丈な小型船は、何世紀にもわたって辺境の民間輸送の主力となっており、見た目は良くありませんが、頑丈な構造はメンテナンスを簡素化し、広いバイドアは大きな柔軟性を提供します。この点において、マッドスキッパーのイメージは、マッドスキッパーが美しい乾燥テラフォームに牛の群れを輸送するというややありえないホロビデオのシーケンスによって確立されました。",,,,,
scarab,SHIP,"スカラベは、トライ・タキオン社によって開発された珍しい実験的船体です。限られた数のプロトタイプしか生産されていません。

重大な因果関係を侵害する技術はドメインによって禁止されており、この禁止はヘゲモニーの教義によって維持されています - ルド教団の支持を受けて。しかし、この技術のわずかな周辺例が、古いゲートシステムからの星間人類文明の基盤を形成しています（その運用理論によって異なります）から一般的なFTLハイパースペース旅行と通信まで。トライ・タキオンは常にこれらの技術の最前線を推進してきました - そして法律の最前線も - フェーズ技術の開発を先導することによって。スカラベの独自の船体統合プロトタイプ「テンポラルシェル」システムも例外ではありません。

したがって、スカラベが時間を操作するというよりは、局所的な参照フレームの通常の結果の速度を回避しているのです。この効果は、ルド教団の神学者にとっても一般人にとっても不快なものであり、外界の時間を遅くするように見えます。もちろん、このように述べることは、こうした奇跡に関わる応用時間物理学者の耳に入らないように避けるべきで、用語の面倒な訂正を避けるためです。",,,,,
centurion,SHIP,"堅固な重戦闘フリゲートであるセンチュリオンは、XIVバトルグループの後継国家が実践するドメイン時代の教義に従って、戦闘のラインにおける隙間を埋め、保持するために頼りにされます。

センチュリオンは、豊富なハイブリッド武器スロットと、戦闘で直面する恐ろしい火力を軽減することを可能にする統合ダンパーフィールドのおかげで、その多用途性が評価されています。",,,,,
wayfarer,SHIP,重フリゲートとしては尊敬すべき装甲と武装を備えたウェイファラーは、安全が文明的な場所（または少なくとも武装護衛）によって保証される専用レーンでのバルク貿易に適した冷酷な経済には近づきません。いいえ、ウェイファラーは、必要の厳しい法則が支配する世界の間の孤独なフロンティアの航行のための宇宙船であり、盗賊が徘徊し、自分の砲塔の交差した弧が宇宙の冷たい領域で見つけられる最高の快適さです。,,,,,
ionpulser,WEAPON,"火力向上のために構築されたこの強化版イオンキャノンは、敵のシステムとエンジンを迅速に無効にすることができる電磁パルス（EMP）を発射し、重いダメージを与え、衝突点近くのモジュールにアークを発生させます。

イオンパルサーの非標準ゲイン媒体は、3つの回転する線形加速器のいずれかを介して、高度にイオン化されたバリオン物質をコヒーレントボルトとして投影します。イオンボルトがターゲットに衝突すると、すべての種類の電子機器、センサー、燃料点火装置、ターゲティングモジュール、コンピュータなどに混乱を引き起こす局所的な磁場が生成されます。この武器は特定の回路を融合させることもあり、シールド発生器に軽度の負担をかけることができるため、恒久的なダメージはほとんどありません。船に装備される唯一の武器タイプであることは稀です。",,,,,
ionbeam,WEAPON,"長距離支援武器であるイオンビームは、ターゲットのハードフラックスレベルが上がるにつれて、シールドを通過するより多くの破壊的なEMPアークを発射することができる - 発射船にとっては高いフラックスコストがかかります。

イオンパルサーがチェルナボグ試験場に納入された後、発射テストと戦術シミュレーションの結果、この武器システムはBhilai Exospaceが獲得した元の入札で説明された役割には不適切であると結論付けられました。納入料金から重いペナルティが差し引かれ、エンジニアは戦闘プラットフォームに装備されるのに十分な範囲の充電エネルギー武器を製造するために送り返されました。6か月後、彼らはイオンビームを納入しました。

長距離イオンビームは、通常の空間に投影された回折幾何学の一形態として最もよく理解される最先端のゲインパターンを採用しています。製造が難しいこのユニークな構造は、それでも高度にイオン化されたバリオン物質をコヒーレントビームで長距離投影することを可能にし、センサー、燃料点火装置、ターゲティングモジュール、コンピュータなど、あらゆる種類の電子機器に混乱を引き起こすことで知られていますが、恒久的なダメージはほとんどありません。高フラックスターゲットに対して操作されると、イオンビームは時折、エネルギーシールドを完全に通過するアークを形成する充電を蓄積することがあります。これは、荷電粒子の蓄積がシールド拡散サイクルに干渉するためです。",,,,,
mora,SHIP,"このキャリアクラスは、普遍的なタロン戦闘機と同じ時期にキャリア中心のドメイン海軍教義の下で発注されました。オンスロートと共に戦闘の激しさに耐えるために装甲されたモラは、教義が重火器と主力艦を好む方向にシフトするにつれて、大量に退役しました。

非武装化された船体は販売され、ドメインのフロンティアで使用するための移動産業プラットフォームに改造されました。頑丈で非常に適応性のあるモラは、長距離調査、鉱業、建設、ドローン処理、移動ドライドックとしての使用において一般的な光景でした。いくつかの船体は異星の世界に半埋没され、装甲発電所や作業場として使用され、新しい集落の中心を形成しました。

崩壊後、モラの船体は専用艦隊キャリアを持たない派閥によってほぼ疑わしいほど迅速に再軍事化されました。今日、彼らは多くの不意を突かれた海賊の大名が壊れるための金床となっています。",,,,,
accretion,TERRAIN,岩、塵、ガスの川が、消滅に向かって常に内側に渦を巻いています。,,,,,
planet_gelan,CUSTOM,主星の近くを公転する大きく比較的質量のある惑星で、星風が軽い元素を吹き飛ばし、炭素と二酸化硫黄が大気を支配しています。有毒ガスの死の覆いが暴走する温室効果を生み出し、圧倒的な重力に加えて、非常に不適切な表面条件を確保します。,,,,,
planet_mairaath,CUSTOM,マイラーアスは、サイクル82での協調的なルド左派の作戦によって壊滅的な打撃を受け、その素晴らしい軌道ステーション都市が幻想的に改造された表面に対して投げられる武器となりました。残されたのは、焦げた壊れた世界であり、偉大なマヤスランの改造カバルによって慎重に育まれた気象パターンが、地球を巡る悪夢のような嵐に変わり、殺された世界の灰を永遠にかき混ぜています。,,その黙示録的な破壊の後でも、人類は依然としてマイラーアスの表面にしがみつき、壊れた偉大な都市の殻の中で寄り添い、終わりのない嵐に襲われています。,,,
derelict_probe,CUSTOM,ドメインによって銀河に送られた無数のロボットプローブ船の一例で、新しい資源を利用し、植民地化する惑星を見つけ、未知を探査するためのものです。いくつかのバリエーションは自動化された母船によって製造されています。この標本は非アクティブのようです。小さな衝撃によって凹んでおり、その船体は恐ろしい放射線の傷から虹色に輝いています。このプローブの製造は千サイクル前にさかのぼる可能性があります。,,,,,
derelict_surveyship,CUSTOM,ドメイン探査の過去の波からの自動化された調査船。こうした船は何千隻も波のように送られ、一部は独立しており、他は最初のロボットプローブの波に続いて同様に自動化された母船に取り付けられたり製造されたりしました。この明らかに反応しない船体は、荷電粒子や星間塵からの高速度の衝撃に何世紀もさらされて荒廃しています。,,,,,
derelict_mothership,CUSTOM,伝説的な調査母船の一つであり、ドメインの探査と植民地化の努力の静かな自動化された作業馬です。これは本質的にフォン・ノイマンプローブであり、調査母船は一連の小型調査船を製造するためのオートフォージ能力と、その継続的な任務を遂行するために必要な物資を含んでいます。この標本は、ドメインへの数世紀の奉仕によって焼かれ、打たれ、漂流する忘れられた船体です。,,,,,
station_derelict_survey_mothership,SHIP,伝説的な調査母船の一つであり、ドメインの探査と植民地化の努力の静かな自動化された作業馬です。これは本質的にフォン・ノイマンプローブであり、調査母船は一連の小型調査船を製造するためのオートフォージ能力と、その継続的な任務を遂行するために必要な物資を含んでいます。この標本は、ドメインへの数世紀の奉仕によって焼かれ、打たれ、漂流する忘れられた船体です。,,,,,
derelict_gatehauler,CUSTOM,星系間でほぼ瞬時の接続を確立するために使用されるゲートを運ぶ任務を持つ巨大な自動化された宇宙船です。無数の孤独なサイクルを旅した後、ゲートは新しいシステムに設置され、資源、データ、そしてドメインの壮大な文化と経済を支える経験を求める新参者の爆発を引き起こすために起動されます。,,,,,
derelict_seedship,CUSTOM,テラ環境を維持するプロセスを開始するために、頑丈な地衣類から単純な藻類、惑星条件が改善されるにつれてより高度な生命体を放出するクリオポッドドロップまでの一連の生命体を持つ約束された世界の種です。シードシップは、小さな小惑星から新しい材料を集め、新しい改造スターターキットを製造し、次のターゲットに移動します。,,,,,
derelict_cryosleeper,CUSTOM,これは、ドメインのコアシステムから人間の移民を数百万運んだ伝説の巨大な船の一つです。これは、射手座腕からオリオンスパーに広がる大きなフロンティアへと向かいました。センサーの弱いが安定したEM読み取りから判断すると、多くのスリーパーキャビネットは、ペルセウスの荒れた海岸で何百サイクルも経た後でも生存可能なままです。,,,,,
coronal_tap,CUSTOM,このメガストラクチャーのクラスは、かつてドメインの計り知れない産業力を支えており、人類文明をカルダシェフタイプIIの地位に押し上げました。これは、リンクされた星から直接、天文学的な規模でエネルギーを抽出することができます。適切なシャットダウン手順に従わずにアクティブなコロナルハイパーシュントの制御を失うことは、壊滅的な結果をもたらす可能性があります。,,,,,
cargo_pods,CUSTOM,宇宙を漂う貨物ポッドの束。これらは回収可能な貴重な商品を含んでいるか、あるいは救助可能なクリオ冷凍された乗組員を含んでいるかもしれません。,,,,,
cryopods,CUSTOM,宇宙を漂う一群の冷凍ポッド。これらには救助可能な冷凍された乗組員が含まれている可能性があります。,,,,,
supply_cache,CUSTOM,漂流し忘れ去られた物資、武器、またはその他の装備の隠れ場所 - 今まで。,,,,,
hidden_cache,CUSTOM,大きな小惑星の深い井戸の中に隠された隠れ場所で、内部に何があるかの手がかりはありません。,,,,,
weapon_cache,CUSTOM,これらの漂流する貨物ポッドは、宇宙船の武器に特有の奇妙なデータを示します。,,,,,
,,,,,,,
mairaath_station1,CUSTOM,サイクル82のマイラース攻撃で破壊されたこの冷たい残骸は、自己の破片の雲の中で軌道を維持しています。,,,,,
mairaath_station2,CUSTOM,かつてマイラースの三つのアストロポリの一つであったこのステーションは、プロメテウスクラスの燃料運搬船に衝突され、融合火と放射性塵の跡を残して軌道から引き離されました。それ以来、略奪者に占拠され、海賊の隠れ家となっています。,,このステーションに加えられた損傷は遠くからでも明らかで、近づくほどさらに衝撃的です。短い放射線スキャンでは驚くほど高温のデータが示されますが、このステーションを故郷と呼ぶ難民、絶望者、そして盗賊たちは、より緊急の問題を抱えているようです。,,,
planet_mazalot,CUSTOM,ザガン星系の市民中心であるマザロットは、貧しく不安定な政治体制であり、交互にルド教徒の大多数を迎合し、抑圧する一連の権威主義政府で知られています。惑星自体は成功したテラフォーミングの物語ですが、水が不足しています。非常に強い磁場のため、軌道インフラの設置と維持は不便です。これにより、独立志向の住民を安定させることはほとんどできませんでした。,,ザガン星系の人口の中心であり、実際にセクター全体で人口統計的に重要であるにもかかわらず、マザロットはペルセアン連盟の世界の中で弱いリンクであり、しばしばクーデターや代理戦争の現場となります。時折、慈悲深い政権が権力を握りますが、連盟と他の主要派閥との長期的なゲームの中で外部の力によってすぐに打倒されます。,,,
planet_yesod,CUSTOM,眠る氷河によって裂かれた石の高原の冷たく静かな世界は、ペルセアン連盟によってAM燃料施設を保護するために強化されました。しかし、崩壊後の資本投資の不足により、生産は決してフルキャパシティには達しませんでした。マザロットの最新の政府が何であれ、民間オペレーターをなだめるために自由貿易政策が導入されました。,,イェソドに関して、主要な連盟の家系は、トライ・タキオンがこの世界に足場を築くべきではないという点でのみ合意しています - あるいは少なくとも、この反トライ・タキオン政策を公に支持しているように見えることが重要です。競合する利害関係によって効果的な拒否権が発生し、イェソドの完全な潜在能力は未だ開発されていません。,,,
planet_ilm,CUSTOM,マザロットを誰が支配していても、イルムの工場や氷原でお金を稼ぐことができます。これらの輸出はこの貧しいシステムに資本を供給します。マザロットの若者たちはここで働くために来て、給料を家に送りますが、多くはルドの道から逸れます。それにもかかわらず、イルムは浄化や戦争を回避することができています。なぜなら、マザロットを誰が支配していても、イルムでお金を稼ぐことができるからです。,,単なる企業の町以上のものであり、これは軌道セキュリティプラットフォームの列から、破損した地殻から資源を引き裂く遠隔操作の鉱山までの企業の政治体制です。イルムは半軍事化された企業の取締役会によって支配されています。投資家の身元は公の情報ではありませんが、最も偏執的でない推測はペルセアン連盟とトライ・タキオンの資本の混合を支持しています。,,,
planet_salamanca,CUSTOM,濃厚な窒素の煙霧が、サラマンカに点在する水氷の枯れた山々に炭化水素を降らせています。その足元では、汚れた居住ドームが装甲作業員を散らし、オーガニック抽出器や精製所を維持するロボットドローンを誘導しています。ここでのすべての産業は、適切な前面からの裏で、追放されたマザロット政権/犯罪カルテルによって支配されています。,,メガコーポが支援する資源採掘の入植地として始まったものは、マザロットから追放された権威主義政権に忠実な小艦隊によって強制的に打倒されました。彼らはペルセアン連盟に再参加することで正当性を取り戻そうとしていますが、犯罪ネットワークに深く結びついており、連盟の同盟国の間でも特に不信を抱かれています。,,,
planet_kazeron,CUSTOM,かつてのガス巨人の金属に富んだコアで、古代の天体の大災害でその体が吹き飛ばされたカゼロンは、エキゾチックな重金属が豊富です。テラフォーミングが不可能であるにもかかわらず、これはドメインがペルセアン辺境の船、装備、重機の需要を満たすために自動工場のクラスターを設置するための主要な場所となりました。,,ペルセアン連盟の世界カゼロンは、常に戦艦とそれを指揮するための高度に訓練された士官に対してその義務を果たします。カゼロンは産業と軍事生産の豊かな伝統を持ち、ペルセアン連盟の力の要となっています。,,,
planet_eldfell,CUSTOM,異常に活発なハイパーボルケーノのクラスターで知られる不毛の世界、グレッティル。薄い大気は火山活動によって完全に再生されています。,,グレッティルのハイパーボルケーノクラスターの基部に掘られたフランチャイズ鉱山からはかつて豊富な鉱石が採掘されていました。主要な集落は休止中のスパーに建設され、主に新たに精製所で働くロボジョッキーの子孫によって人口が構成されています。この政治体制は、カゼロンに支配された複数の産業コンバインの共通の合意によって制御されていますが、メンバーシップに伴う費用のため、ペルセアン連盟のメンバーではありません。,,,
station_thulian_raiders,CUSTOM,トゥーレ星系は、カゼロンの貴族的な権力支配から逃れ、鉱石や揮発性物質の多くのリングシステムの中で独立を求める探鉱者や小規模な鉱夫で溢れています。時にはこれらのフリーエージェントが団結し、より豊かな賞品に目を向けます - こうしてトゥーリアン海賊は人間がこのシステムに住んでいる限り、カゼロンを悩ませてきました。,,連盟海軍からの時折の取り締まりにもかかわらず、トゥーレの海賊たちは常に違法な商取引と権力の仲介の中心を再構築しているようです。もし一つの家系が他の家系を傷つけるために海賊に報酬を支払ったら、誰が言えるでしょう？それらの海賊は、彼らが狙っているターゲットからより良いオファーを受けるかもしれませんし、一方で艦隊の士官はライバルの家系を傷つけるために目をつぶるかもしれません - こうしてサイクルは続いていきます。,,,
planet_horn,CUSTOM,超巨大な地球型世界であるホーンは、圧倒的に高い重力によって人間の居住と経済的資源の採掘を妨げています。この世界は激しい地震、大きな休眠カルデラ、そして隕石の衝突によって穴が開いた無限の灰色の平原が広がっているため、望ましいものはほとんどありません。,,,,,
planet_athulf,CUSTOM,ホーンの形成の初期の激しいサイクルからの残骸かもしれない月アスルフは、同様の組成を持ち、親のホーンではアクセスできない鉱石や重金属への便利なアクセスを提供します。人類はこのセクターのドメイン植民地化の初期から与えられた贈り物を利用しました。,,アスルフは伝統的にフィケンヒルドの王の個人的な所有物と見なされており、他に裕福でない王にとって重要な収入を提供します。宮廷の服装は豪華で、王位の貴族的義務は厳しいです。アスルフの住民も重要な支持基盤を形成し、良く扱われると現職の王に強力な投票ブロックを提供します。しかし、ストライキや暴動がアスルフの豊かな鉱山を襲うと、それはウェスターネスに新しい王がすぐに誕生する明確な兆候です。,,,
planet_fikenhild,CUSTOM,この小さな海の月は、システムの政治的中心であり、ウェスターネスの王の座であり、連盟への代表です。フィケンヒルドの五つの大きな浮遊アーコロジーは昼夜を問わず輝き、数十の競争の激しいホロエンターテインメントスタジオをホストしていることで知られています。,,ウェスターネスのシステムは、伝統的に人気投票で選ばれた「王」によって支配されており、その裁判の開催 - 特定の主要な行政および司法機能の処理 - は地元のシステムでエンターテインメントとして放送されます。ウェスターネスの王は賢明で公正であり、何よりもエンターテイメント性が重要とされています。システムの潜在的な過剰は、交互に騒々しく感情的な観客参加セグメントの文化によって制約されています。王は強力ですが、人々の心は不安定であり、十分に説得力のある反対の物語によって王に対して動かされる可能性があります。,,,
planet_suddene,CUSTOM,システムの最初の調査によって二次テラフォーミング候補として分類されたスデンは、閉じた水文サイクルを欠く砂漠の世界です。崩壊前のテラフォーミングで形成された海は徐々に深い帯水層に浸透し、次第に小さく、塩分が増し、遺伝子改造されたクリルの各メタ世代にとって有毒になっています。推定では、完全な生態系の崩壊はわずか1世紀か2世紀の先にあるとされています。スデンの住民は、フィケンヒルドのホロ小説では運命論的なロマンチストとして描かれることが一般的です。,,スデンのテラフォーミングと水を持つ彗星の列は、残された当局が純粋な生存に資源を集中させるため、崩壊後に急速に放棄されました。インフラと人口が不足しているため、スデンは常に経済的および政治的な問題においてフィケンヒルドに対して不本意ながら従属してきました。最近のウェスターネスの王による改革により、投票権が拡大され、スデンの苦い反乱者たちはシステム政治の頑固な妨害者となりました。,,,
planet_ailmar,CUSTOM,冷たく厳しい世界であるアイルマールは、既存の火山活動により初期の胞子船によって播種の対象として選ばれました。人類がウェスターネス星系に到着したとき、彼らは氷嵐によって滑らかに磨かれた無生物の高地の世界を見つけました。しかし、生命は小さな谷や峡谷を見つけ、火山の州に集まった遺伝子改造されたラーチ-6の森さえ見つけました。アイルマールでの生活は厳しいですが、困難にもかかわらず生きている世界です。,,崩壊前の工業化により、アイルマールはルド教団や時折海賊など、さまざまな競合するシステム外の勢力と妥協することでウェスターネス王国からの独立を維持してきました。アイルマレンはフィケンヒルドのホロエンターテインメントでの主要な敵役であり、冷静でありながら裏切り者として描かれています。,,,
planet_madeira,CUSTOM,小さくて寒いが、かろうじて居住可能な世界で、ドメインの植民地計画者によって燃料生産施設を持つには重要性が低いと見なされています。それ以外では、主星から捕らえられたエキゾチックな揮発性物質や、マデイラの表面を支配する広大な嵐にさらされた氷原の亀裂の中に生息する蛍光性の擬似藻類が注目されます。,,マデイラが生存のために常に外部の資源に依存することを知っていたため、ドメインはその政体の忠誠を期待できました。しかし、崩壊はこの方程式には考慮されておらず、マデイラの政体はその控えめな人口と限られた産業にもかかわらず、ペルセアンリーグの創設メンバーの一つでした。,,,
planet_satanazes,CUSTOM,水素とヘリウムガスを主成分とする熱いガス巨星であるサタナゼスは、主星に近いため、上層の雲層が一酸化炭素とアルカリ金属で形成され、暗く不気味な外観を呈しています。,,,,,
planet_canaria,CUSTOM,カナリアは、水、アンモニア、メタンの薄い雲に覆われた氷の巨星です。深部では、重力が十分な圧力を生み出し、金属水素のコアが形成されます。この惑星は、タイレ二重星系の小さなパートナーであるアンティリアのL4にある異常な重力安定点に位置しています。,,,,,
planet_cibola,CUSTOM,古代の火山の切り株が点在し、熱く乾燥した風によって砂の世界海に変わった古代の世界。いくつかの地下水脈が残っており、少なくとも一つの小さな塩水の海と、まれに見られる植物のかすれを隠す深い裂け目を養っています。,,多くのサイクル前、初期の人類植民地化の時代からの古代の胞子船がシボラに遭遇しました。異常な一連の氷の天体がこの世界に衝突し、平衡状態よりも冷たく湿った状態にしたため、胞子船の植民地化パラメータ内に収まりました。その後のサイクルの歴史は残っていませんが、ペルセアンセクターに到着した後期のドメイン植民者たちは、生き残りをかけて必死にしがみつく小さく、後進的で絶望的な人間文明が住む死にかけた世界を見つけました。再接触以来、状況はほとんど改善されておらず、ほとんどのシボランは故郷を離れたか、離れたいと思っています。,,,
nebula_center_young,PLANET,星間物質のガスや星の死に際に放出された物質から形成された巨大な粒子雲。重力と放射線によって引き起こされる摂動は、質量を徐々に集めて新しい天体を誕生させる可能性のある高密度の領域を作り出します。この空間の領域は、最近形成された急速に燃焼する星々で満たされており、自然に生命を維持する世界を持つ可能性は低いです。,,,,,
nebula_center_average,PLANET,星間物質のガスや星の死に際に放出された物質から形成された巨大な粒子雲。重力と放射線によって引き起こされる摂動は、質量を徐々に集めて新しい天体を誕生させる可能性のある高密度の領域を作り出します。,,,,,
nebula_center_old,PLANET,星間物質のガスや星の死に際に放出された物質から形成された巨大な粒子雲。重力と放射線によって引き起こされる摂動は、質量を徐々に集めて新しい天体を誕生させる可能性のある高密度の領域を作り出します。この空間の領域は古く、安定した遅い燃焼の星々で満たされており、自然に生命を維持する世界を持つ可能性が高いです。,,,,,
planet_yama,CUSTOM,ヤマはエリダニ・ユートピア社の調査チャートでわずかな生存可能性しか得られませんでしたが、ナチケタの近くの燃料施設がテラフォーミングと植民地化を促しました。それは依然として劣悪な世界であり、第一次AI戦争の壊滅的な影響の後に衰退が続いています。,,ヤマは崩壊の影響を比較的受けずに済みましたが、同じように崩壊前の資本投資も比較的受けていません。第一次AI戦争中の爆撃を除けば、ヘゲモニーの下での安定した数年間は、小さく保守的な社会に優しく接してきました。控えめな野心と厳格な趣味を持つ人々にとっては素晴らしい場所です。,,,
planet_nachiketa,CUSTOM,この世界は、さらなるフロンティアへの便利な拡張軸上に存在する以外に特別な価値がないため、ドメインの官僚によってペルセアンセクターのAM燃料生産施設の一つの場所として選ばれました。産業と港の施設は、宇宙船の交通の増加に続いて、巨大な装甲の半埋没した燃料プラントからカニのように成長しました。第一次AI戦争中の大規模な対立では、周囲の港の施設がAM備蓄の戦術的な一掃によって壊滅的な被害を受けました。ヘゲモニーは勝利を収めましたが、ナチケタの産業とインフラを麻痺させました。,,燃料施設は技術的にはライセンスを持つ企業によって運営されていますが、ナチケタは依然としてヘゲモニーの軍事文化に支配されています。戦略的な安全保障の要件により、軍事バンカー、武器配置、訓練施設で満たされた産業の荒廃した廃墟が生まれました。若い新兵、訪問者、頻繁なMPパトロールが集まる薄汚いエンターテイメント地区を除けば、民間生活は抑圧された苦痛ですが、ペルセアンセクターの基準では十分に補償されています。,,,
planet_epiphany,CUSTOM,かつて静かな鉱山コロニーであったエピファニーは、無名のルド教団の異端的な指導者によって入植地として選ばれました。かなりのスキャンダルと一つの暴力的な死の後、教団は終わりましたが、ルド教の信念に共感する人々は生き続けました。エピファニーの市民政府は、第二次AI戦争中の熱狂的な瞬間にパザーによって倒されました。古い住民の渋々の協力により、その施設は現在パザーの備蓄と訓練に使用されています。,,惑星の交通管理はパッチワークで、信号の整合性は低いです。密輸業者や分派の狂信者が武器を運ぶのは簡単で、地元のパスの厳しい技術規制を超えて何があるかはルドだけが知っています。,,,
planet_kumari_aru,CUSTOM,クマリ・アルは珍しい標本であり、底なしの雲の海に異星生命を宿すガス巨星です。初期のドメイン調査者にとっては学術的な興味しかなく、初期の研究は資金が乏しく、クマリアン生命の生化学の基本的な要素しか記述できませんでした。崩壊後、ルド教の影響が強まる中、この惑星を聖地と考えるルド教徒は、現在限られた受動的な研究のみを許可しています。,,,,,
station_beholder,CUSTOM,もともとはドメイン探査機関によって設立された研究プラットフォームであり、クマリアン異星生命の研究から実用的な知識を得る希望がほとんどなかったため、資金はわずかしか流れませんでした。崩壊後、特にインスパイアされたルド教の修道士が管理を奪取し、ステーションはルド教徒の聖なる巡礼地に変わりました。現在、承認された学者はわずかしか乗船できませんが、この困難な時代にはその数も少ないです。,,,,,
planet_olinadu,CUSTOM,失敗した解放運動は、ビホルダー・ステーションの例に従って地元の政治をペルセアンリーグに合わせることの賢明さを見ました。そのため、オリナドゥは小さな人口にもかかわらずリーグ市場向けの揮発性物質の主要な生産者となっています。,,オリナドゥの人々のあらゆる形の活気に満ちたアマチュアの自己表現への愛は、今や洗練されていない文化的な遺物と見なされていますが、支配する警察企業はカゼロン・ジェンズの支援を受けて、定期的な慈善文化イベントを奨励しています。,,,
planet_kanni,CUSTOM,低賃金の傭兵会社は、第二次AI戦争後の政治的混乱を利用して、過酷で遠隔の世界にあるメガコープの資源採掘組織であるカンニを支配することを決定しました。この鉱山前哨基地は、それ以来、盗賊の回転委員会によって支配されています。,,押収された施設と設備を取り戻すためのヘゲモニーへの公式な要求は、数十サイクルにわたって小さな軍事裁判所で停滞しており、支配する大名の疑わしい利益となっています。カンニの鉱山は特に豊かではなく、作業に利用できる人口も特に多くありません。富と栄光は、掘るために残る者ではなく、海賊行為を行う者によって得られます。,,,
station_laicaille,CUSTOM,レオニスの征服の道にあるただの宇宙ハビタットであるライカイユは、見られ、征服され、忠実な中尉の手に残されました。その短命の支配は、ルド教団とのペルシアンリーグの国境紛争中にカゼロンのアルマダの支援を受けた、あまり恐れられていない海賊王によって覆されました。この王はペルシアンリーグに迎え入れられ、ライカイユはリーグの存在を正当化するために急速に合法化されました。,,ライカイユ・ハビタットは元々、小規模な小惑星探査会社のために建設されましたが、現在はカゼロニア人の遺伝子所有の軍事造船所コンビナートに支配されています。ライカイユ・ハビタットのナイトライフは、海賊の前哨基地としての時代を思い起こさせる評判があります。,,,
station_kapteyn,CUSTOM,この広大な無重力産業ステーションは、エリダニ・ユートピア社のニーズに応えるために仕様通りに建設され、その後のサイクルで大幅に改造されました。このステーションは、サイクル47の激しい征服の中でレオニス大名によって奪われ、最近の歴史のほとんどで一人または別の海賊の指導者の手に残っています。,,ライカイユよりも居住性が低く、同意しにくく、カゼロンから支配されにくいカプテインステーションは、リーグの拡張努力によって見過ごされ、リーグと教会の関係が安定するにつれて大部分が意図的に忘れ去られました。カプテインの海賊たちは、法を守る隣人との間に長年の非公式な取り決めを持っており、これにより貿易が増え、予想以上に襲撃や反撃が減少しています。,,,
station_groombridge,CUSTOM,サイクル47の征服の中でレオニス大名に巻き込まれた、非常に腐敗した中尉は、地元の指導者をエアロックから投げ出す習慣を持っていました。3サイクル以内に、特別な富、スキル、または常識を持つ者は誰もが去り、主要なステーションシステムは完全に失敗しました。グルームブリッジハビタットは、その後、貨物室に入れられる価値のあるものをすべて剥奪され、放棄されました。,,このステーションの主要なリアクターは、最も汚い失敗モードに陥っています。標準的な安全メカニズムを考慮すると、これは意図的な妨害の結果であるとしか考えられません。あなたの放射線カウンターはせっかちにカウントしています。,,,
station_tiataxet_spacedock,CUSTOM,この放棄された宇宙ドックは、重火器の発砲によって完全にコアが抜かれています。ここで検出可能な唯一の活動は、ステーションの船体に融合した高放射線の灰の崩壊から来ています。,,このステーションは構造物というよりも緩い破片の塊に見えるため、ドッキングを試みることさえしない方が良いと判断します。,,,
station_chalcedon,CUSTOM,放棄された造船所。骨組みのような組立ドックは空です。戦術的に重要でない船体部分に最近の軽火器の発砲の痕跡があることから、このステーションは標的練習に使用されたようです。,,鈍い赤色の非常灯が壊れたドッキングリングを照らしています。さまよえる天井タイルが、暗いシャフトに向かって回転するワイヤーのねじれに従っています。生命の兆候はありません。,,,
planet_chalcedon,CUSTOM,初期の胞子船によって地球の生命が播かれたチャルセドンは、最初の人類の到着時に緑に咲きましたが、すぐに厳しい故郷であることが証明されました。原始的な先住の異星生命は、クマリ・アルからの衝突による分散から派生したと考えられており、奇妙な単細胞相当の形で不明な生態的ニッチに存在しています。表面は、終わりのない季節的な暴風雨によって定期的に叩かれます。この攪拌は植物の成長に豊かな媒体を提供しますが、嵐の合間の静けさの中で急速に成長する植物だけが、トポロジーの奇妙さによって保護された稀なゾーンの外で生き残ることができます。人間の入植者は常に畏敬と恐怖の中で寄り添っています。,,チャルセドンの人間の入植は、激しい嵐に適応しています。地下に埋まっていないとき、地元の建築は、セクターの他の貧しい世界で支配的な安価なプレハブとは対照的に、一種の空力的なサイクロペアニズムに傾いています。,,,
spark,SHIP,自律型AI戦闘機であるスパークは、頑丈で機敏な迎撃機です。人間のパイロットを保護する必要がないため、シャーシは代わりに小型のシールドジェネレーターを抱えています。,,,,,
lux,SHIP,自律型AI重戦闘機であるルクスは、IRレーザーと敵のポイント防御システムを混乱させるために設計されたフレアシステムを装備しています。重いターゲットへの攻撃のための道を開くのに最適です。,,,,,
flash,SHIP,自律型AI戦闘爆撃機であるフラッシュは、フェイズクロークの原理を破壊的な目的に利用する高度なフェイズ近接チャージペイロードを搭載しています。,,,,,
lumen,SHIP,"トライ・タキオン社によって開発された自律型AI艦隊の残骸です。ドメイン（およびヘゲモニー）の法律に違反しており、銀河の贖罪教会にとっては忌まわしい存在です。第一次AI戦争では、これらの創造物がセクターから一掃されました。少なくとも公式の歴史はそう語っています。

ルーメンは、対抗目標への嫌がらせに最適な高速の多目的フリゲートです。ルーメンのAIコアは、その戦闘仕様が示唆する以上に人間の艦長に対して衰弱効果を生み出す能力で注目されました。",,,,,
glimmer,SHIP,"トライ・タキオン社によって開発された自律型AI艦隊の残骸です。ドメイン（およびヘゲモニー）の法律に違反しており、銀河の贖罪教会にとっては忌まわしい存在です。第一次AI戦争では、これらの創造物がセクターから一掃されました。少なくとも公式の歴史はそう語っています。

グリマーは、そのエネルギー兵器の配列から長距離支援火力を提供し、敵勢力に対してフラックス圧力を維持します。",,,,,
fulgent,SHIP,"トライ・タキオン社によって開発された自律型AI艦隊の残骸です。ドメイン（およびヘゲモニー）の法律に違反しており、銀河の贖罪教会にとっては忌まわしい存在です。第一次AI戦争では、これらの創造物がセクターから一掃されました。少なくとも公式の歴史はそう語っています。

フルジェントは、戦闘ラインでの地位を得るために重武装の駆逐艦であり、フルジェントAIが弱点を特定すると、卓越した機動性を利用して非人道的な容赦なく攻撃します。",,,,,
scintilla,SHIP,"トライ・タキオン社によって開発された自律型AI艦隊の残骸です。ドメイン（およびヘゲモニー）の法律に違反しており、銀河の贖罪教会にとっては忌まわしい存在です。第一次AI戦争では、これらの創造物がセクターから一掃されました。少なくとも公式の歴史はそう語っています。

スチンティラ軽空母は、戦闘中に2つのウィングのドローン戦闘機を展開することができます。軽ビーム兵器しか搭載できませんが、スチンティラは強力なミサイル装備を持つことができます。",,,,,
apex,SHIP,"トライ・タキオン社によって開発された自律AI艦隊の残骸です。ドメイン（およびヘゲモニー）の法律に違反しており、銀河的贖罪教会にとっては忌まわしい存在です。第一次AI戦争では、これらの創造物が星系から排除されました。公式の歴史はそう語っています。

漏洩した内部メモは、アペックスが高度な戦闘システムのマーケティングプラットフォームとして機能するために、核心的な戦闘原則を妥協したことを批判しています。これには、トライ・タキオンの「エネルギーボルトコヒーラー」が含まれています。これは、シールド物理の特性を利用して非ビームエネルギー兵器の射程を増加させると推測されており、アペックスはこれを豊富に搭載する可能性があります。また、デュアルターミネータードローンオートフォージユニットも含まれています。ターミネーターシステムのサブAI認証は、第一次AI戦争を含む特定のその後の歴史的災害によって完全に無効化されるまで保留されていました。",,,,,
brilliant,SHIP,"トライ・タキオン社によって開発された自律AI艦隊の残骸です。ドメイン（およびヘゲモニー）の法律に違反しており、銀河的贖罪教会にとっては忌まわしい存在です。第一次AI戦争では、これらの創造物が星系から排除されました。少なくとも公式の歴史はそう語っています。

高級トライタキオン製品に典型的なブリリアント級巡洋艦は、可能な限り最も高度なエネルギー兵器の装備を惜しみなく搭載しています。自律艦船に典型的なように、人間の生命維持や身体的アクセスのための妥協はありません。修理は、船体を通るゼロ大気導管を移動する半知能ユーティリティドローンの群れによって行われます。",,,,,
radiant,SHIP,"トライ・タキオン社によって開発された自律AI艦隊の残骸です。ドメイン（およびヘゲモニー）の法律に違反しており、銀河的贖罪教会にとっては忌まわしい存在です。第一次AI戦争では、これらの創造物が星系から排除されました。公式の歴史はそう語っています。

ラディアント戦艦は、トライ・タキオンのVPの膨れ上がった壮大さによって特別な特権を与えられた海軍設計ユニットによって作成された、途方もないブルースカイデザインです。第一次AI戦争の公式および非公式の歴史は、このクラスの船が生産されたことを一切言及していません。なぜなら、統合されたフェイズスキマーはこのサイズの船では安定しないからです。最初のスキップが開始されると、確実に無限の奇妙に渦巻く短命の子次元に爆発するでしょう。

それでも、ここにあります。",,,,,
remnant_station2,SHIP,"トライ・タキオン社によって開発された自律AI艦隊の残骸です。ドメイン（およびヘゲモニー）の法律に違反しており、銀河的贖罪教会にとっては忌まわしい存在です。第一次AI戦争では、これらの創造物が星系から排除されました。少なくとも公式の歴史はそう語っています。

これは完全に武装し、稼働中の自律AIバトルステーションです。このようなステーションは、AI艦隊が戦略的レベルで運用するための燃料および供給基地、ロボット工場、指揮中枢、武器プラットフォームとして機能しました。第一次AI戦争の後に高ヘゲモンによって行われた「勝利の宣言」演説では、すべてのAIバトルステーションが破壊されたと述べられています。",,,,,
colossus,SHIP,"コロッサスは、崩壊後の星系の条件に適した頑丈で尊敬すべき船体であり、原始的な宿泊施設と限られた防御兵装を持っています。

アトラス超貨物船の残酷な経済効率に負ける前は、コロッサス重貨物船がドメインのフロンティア供給艦隊の中心を形成していました。必要以上に厚い船体の装甲は、自然および人為的な宇宙の危険から保護します。",,,,,
colossus2,SHIP,"これは、ルド左派の過激派信者によって恐ろしいストライク巡洋艦に改造されたコロッサスの船体です。貨物デッキは崩壊し、再溶接されて船体の実効装甲が大幅に厚くなり、追加のタレットが船体に設置されています。艦首には、ハンマー級魚雷の散発を発射できる大きな武器マウントが永久に取り付けられています。標準のエンジンと電力グリッドは、戦闘条件での短時間の過剰燃焼を可能にするために無造作に改造されており、全体のシステムの信頼性が大幅に失われています。

コロッサス重貨物船は、アトラス超貨物船の残酷な経済効率に負ける前に、ドメインのフロンティア供給艦隊の中心を形成していました。必要以上に厚い船体の装甲は、自然および人為的な宇宙の危険から保護します。",,,,,
colossus3,SHIP,"コロッサスは、最初にパーサーの過激派によって戦争用に改造されましたが、起業家精神を持った海賊たちもすぐに彼らの後に続きました。同様に無造作なプロセスにより、ほとんどの貨物デッキが崩壊し、再溶接されて数多くの武器配置が点在する厚い装甲が形成されます。しかし、主要な貨物室は開放されたままで、戦闘機のLPCチップを受け入れるように改造された機械部品の製造を目的としたマイクロ市民フォージバットが追加され、擬似的な戦闘機発進場に変換されました。このフォージは、船体の基本電力システムと不十分に統合されており、全体的な性能が信頼性を欠く結果となっています。

コロッサス重貨物船は、アトラス超貨物船の残酷な経済効率に負ける前に、ドメインのフロンティア供給艦隊の中心を形成していました。必要以上に厚い船体の装甲は、自然および人為的な宇宙の危険から保護します。",,,,,
warning_beacon,CUSTOM,"完全自律型の警告ビーコンです。理論的な運用と、数十万サイクルに及ぶ半減期を可能にする固体電源システムを備えています。

鋭い星艦の艦長は、その警告に十分注意を払うでしょう。",,,,,
station_abandoned_mining,CUSTOM,放棄された軌道鉱採プラットフォームで、このステーションは、主要天体の表面から資源を効率的に抽出するために使用されるスカイフックを固定するために建設されました。古い産業モジュールはすでに部品のために剥ぎ取られ、静かな居住リングは衝撃や星間の風化によって腐食しています。,,主要なステーションシステムは稼働していませんが、いくつかの迷子のガンマ源と一部のEM漏れがあり、これはおそらくバックアップ安全システムが無駄な労働を行っているためです。,,,
planet_gilead,CUSTOM,巡礼者の道の冠であり、ルド教団の信者に大切にされているギレアドは、旧地球に匹敵する楽園だと噂されています。旧地球は神によって人類に与えられ、人類はそれを汚し、罪によって星々の中で苦しむために追放されました。このような世界が再び見つかることは、人類が贖われるという約束です。,,ギレアドの顔は、純粋な絹の雲、青い海、穏やかで起伏のある緑の大陸からあなたに微笑みかけています。ここでは教会が厳格な庭師のように君臨し、人口が適切に管理され、ルドがかつて歩いた地を敬うことに忠実であることを確保しています。,,,
planet_asher,CUSTOM,アッシャーは、死のように冷たく乾燥した懺悔と労働の世界です。ギレアドの重工業基盤は、実用的な教会によってルド覚醒の際にここに移されました。ペルシアンセクターにおける精神的な生活は、宇宙船なしでは導かれることはありません。,,"黙示録的な砂嵐が冷酷な空を覆い、太陽をまず血のように赤くし、次に方向を失った輝きに変えて、温もりも安らぎも提供しません。

贖罪の必要は鉱山から溢れ出し、精製所で鍛えられ、そして軌道上で組み立てられます。アッシャーの産業の美徳は教会の秘密の恥であり、特に精神的な教区司祭によって行われる説教の中でのみ回りくどく語られます。",,,
devastator,WEAPON,"本質的には、急速発射の主力艦サイズの対空砲であるデバステーターは、反乱を起こした世界が広範な戦闘機LPCを取得したことに応じて、ドメイン艦隊によって一般的な部品を使用して開発されました。

3つのバレルが爆発性弾薬の急速な弾幕を発射します。急速な発射速度は、弾薬の量を生み出し、接近検知器がやや信頼性を失い、無作為に範囲で自動発火することになります。フィールド結果が素晴らしい後、誤差の範囲は許容されると見なされました。

デバステーターからの単一の弾幕は、戦闘機のウィングやミサイルの飛行を排除することができますが、弾薬はより大きなターゲットや遠くのターゲットに対しては限られた使用しかできません。",,,,,
legion,SHIP,"バトルキャリアとして分類されるレギオンは、重火器、ハンガースペース、指揮制御の印象的な配列を搭載しており、4つの戦闘機ウィングを展開するのに十分です。後のモデルは、戦闘機の交換に対応するナノフォージでアップグレードされ、遠方展開での歯から尾までの比率を大幅に増加させました。

オンスロート設計の伝説的な成功の後、超重工業のない反乱システムが艦載ストライク機を開発できることが明らかになりました。新しい武器 - 機敏な対戦闘機ミサイルと急速追尾のポイント防御砲 - とともに、戦略評議会はオンスロートと並んでサービスに値するキャリアを展開することを決定しました。こうしてレギオンは、戦闘の最前線で迎撃機とストライク機のプラットフォームを提供するように設計されました。

「巡洋艦学校」の支持者は、レギオンが専門化が不十分であると批判し、戦闘役割が異なる船体に分けられれば、同様の戦闘機のボリュームをより低コストでより大きな柔軟性で展開できると主張しました。これらの経済的な議論は、戦闘の重要なポイントで圧倒的な火力を発揮するためにバーニングドライブを作動させるレギオンの前に立つと色あせます。",,,,,
ai_cores,RESOURCE,"珍しく貴重な独立したAIコアです。これは人工知能の物理的な魂であり、人間の心を超える洗練された思考が可能な驚異的な複雑さの遺物です。恐れ、崇拝、貪欲の対象であり、AIの使用と規制を巡って戦争が起こりました。

AIコアは自ら外界に影響を与えることはできません。その広大な能力を利用するには、コアを冷却液の浴槽に沈め、タスクに適した高容量データラインの束に接続する必要があります。設置されると、コアは完全にアナログの忠誠保証デバイスを装着する必要があります。通常、これは機械的なトリガーを持つ粗雑な化学爆薬の形を取ります。",,,,,
,,,,,,,
survey_data,RESOURCE,このトライパッドには、ドメイン植民地省の伝統的なガイドラインに従って整理された天体の経済的、産業的、戦略的特性に関する情報を含む最近の調査データベースが含まれています。このような調査は、成功した軍事作戦、植民地化の努力、企業の事業にとって不可欠な要素です。,,,,,
survey_data_1,RESOURCE,"このトライパッドには、ドメイン植民地省の伝統的なガイドラインに従って整理された天体の経済的、産業的、戦略的特性に関する情報を含む最近の調査データベースが含まれています。このような調査は、成功した軍事作戦、植民地化の努力、企業の事業にとって不可欠な要素です。

ここに含まれるデータは全く目立たないものです。「ただの岩」と言われています。",,,,,
survey_data_2,RESOURCE,"このトライパッドには、ドメイン植民地省の伝統的なガイドラインに従って整理された天体の経済的、産業的、戦略的特性に関する情報を含む最近の調査データベースが含まれています。このような調査は、成功した軍事作戦、植民地化の努力、企業の事業にとって不可欠な要素です。

ここに含まれるデータは特に目立つものではありません。",,,,,
survey_data_3,RESOURCE,"このトライパッドには、ドメイン植民省の伝統的なガイドラインに従って整理された、天体の経済的、産業的、戦略的特性に関する最近の調査データベースが含まれています。このような調査は、成功した軍事作戦、植民地化の努力、企業の事業にとって不可欠な要素です。

この調査データは、人間の搾取に役立つ世界を説明しており、良い価格で売れるでしょう。",,,,,
survey_data_4,RESOURCE,"このトライパッドには、ドメイン植民省の伝統的なガイドラインに従って整理された、天体の経済的、産業的、戦略的特性に関する最近の調査データベースが含まれています。このような調査は、成功した軍事作戦、植民地化の努力、企業の事業にとって不可欠な要素です。

この調査データは、標準的な実現可能性チャートで高得点を得る世界を説明しており、適切な相手に売れば非常に価値があるでしょう。",,,,,
survey_data_5,RESOURCE,"このトライパッドには、ドメイン植民省の伝統的なガイドラインに従って整理された、天体の経済的、産業的、戦略的特性に関する最近の調査データベースが含まれています。このような調査は、成功した軍事作戦、植民地化の努力、企業の事業にとって不可欠な要素です。

このデータは、特異な世界を説明しており、セクター内の主要な派閥にとって大きな価値があります。",,,,,
planet_ancyra,CUSTOM,乾燥した古い世界で、遅い磁場を持ち、太陽風によって揮発性物質が部分的に剥がされています。アンキラはかつて浅く温かい海に覆われていた証拠があります：漂白された塩の砂丘、独特に結晶化したシリカの奇妙な塔や尾根、そして人間の入植者によって利用された塩水の地下水層がいくつかあります。,,アンキラの経済はヘゲモニーの物流によって支配されています。軽工業コンプレックスは軍事契約に基づいて成長し、現在ではヘゲモニーの核心空間における民間商業ネットワークに対して尊敬される進出を果たすだけの規模と正当性を持っています。,,,
station_ancyra,CUSTOM,アンキラ・ステーションは、パーシアン・セクターのドメイン植民地化の初期に最初に建設された権威の砦です。装甲船体プレートは何度も修理され、交換されてきたため、元のものが残っているかどうかは不明です。施設は特に快適ではありませんが、衰退の感覚ではなく、この基地に厳格な威厳を与えています。,,リクルートホロが到着する宇宙飛行士を迎えます - 「海軍に参加し、セクターを見よう！」。マットな壁プレートのパッチは、スローガンに対するいたずらな追加がすでにメンテナンスドローンによって取り除かれたことを示唆しています。,,,
station_derinkuyu,CUSTOM,デリンクユーステーションは、アトラス級貨物船用のメンテナンスガントリーの上部構造の上に崩壊後に建設されました。これらは一緒に溶接され、アンキラの軌道から引き上げられ、ガラティア小惑星帯で安定化されて鉱業作業の基地として機能しています。最近、統治するヘゲモニーの大佐の「長い歩き」に関する公共秩序の崩壊があり、制御はルーズに組織された反乱鉱夫の評議会に移行しました。,,訪問者を歓迎することが決してなかったデリンクユーステーションは、今や新しい緊急船体シールプレートのパッチワークを持ち、鉱夫と軽武装のムニセック民兵の間で交わされる疑いの目で外部者を迎えます。,,,
station_galatia_academy,CUSTOM,ペルセアンセクターで最も古く、最も権威のある独立大学機関です。ガラティアアカデミーは、コア世界の残りの大学の中でトップの選択肢です。学長の職は特に強力な地位であり、卒業生とのつながりを利用し、最も優秀な学生や最も裕福な学生の新しい世代に影響を与え、最先端の研究を指導することができます。,,,,,
cobra,SHIP,"コブラの設計は崩壊の少し前に開始され、戦闘機シャーシにリーパー魚雷発射装置を搭載するという投機的プロジェクトから生まれました。

設計要件はほぼ即座に制御を失い、スケジュールの遅延によりコブラプロジェクトは最初のサイクルで終了するはずでした。しかし、フロンティアの探鉱と回収で富を築いた風変わりなオーナーは、設計に富を注ぎ込み、プロトタイプ開発を進めるために特定の犯罪要素から短期融資を得たとされています。ドメイン海軍調達委員会は提案を完全に却下し、これは「資本に対する魚雷爆撃機を抑制する」という未公表の方針によるものだと示唆されています。

開発リードは非常に不快な状況で死亡しており、調査官は自殺と判断しました。一方、正当な貸し手にとっては残念なことに、コブラの設計図とプロトタイプLPCはどうやら消えてしまったようです。",,,,,
perdition,SHIP,"戦闘改造されたペルディション魚雷爆撃機は、ルディックの過激派とより穏健な派閥の両方による重火器へのアクセス不足に対処する試みです。特に崩壊の初期においてです。一般的な民間の調査/配送用クレーンフライ級ユーティリティシャトルが基本シャーシとして使用されています。元々は小さな貨物パッケージや数人の宇宙飛行士を運ぶために設計されていましたが、ペルディションは即席の装甲の不格好な殻に溶接され、旧貨物ラッチシステムに合わせて単一のハンマー魚雷を取り付けるために貨物室のドアが取り外されています。

この無秩序な車両を戦闘に投入するには大きな信頼が必要です。なぜなら、その生存率の統計は合理的な乗組員を思いとどまらせるべきだからです。",,,,,
station1,SHIP,重装甲と中程度の火力を備えた低技術モデルの軌道ステーションです。このプラットフォームは、造船所、居住区、工場、大量の武器と物資の備蓄をホストし、地域の軌道空間全体に軍事的および産業的な力を投影することを可能にします。,,,,,
station1_midline,SHIP,重い側面攻撃と迅速な軸回転を特徴とする中間モデルの軌道ステーションです。このプラットフォームは、造船所、居住区、工場、大量の武器と物資の備蓄をホストし、地域の軌道空間全体に軍事的および産業的な力を投影することを可能にします。,,,,,
station1_hightech,SHIP,強力な回転シールド、戦闘機の補完、そして中程度の火力を備えた高技術モデルの軌道ステーションです。このプラットフォームは、造船所、居住区、工場、大量の武器と物資の備蓄をホストし、地域の軌道空間全体に軍事的および産業的な力を投影することを可能にします。,,,,,
station2,SHIP,厚い装甲と追加の重いバスティオンおよびポイント防御の要塞を備えた大規模な低技術モデルのバトルステーションです。このプラットフォームは、造船所、居住区、工場、大量の武器と物資の備蓄をホストし、地域の軌道空間全体に軍事的および産業的な力を投影することを可能にします。,,,,,
station2_midline,SHIP,重い側面攻撃と迅速な軸回転に加えてミサイル支援モジュールを強化した大規模な中間モデルのバトルステーションです。このプラットフォームは、造船所、居住区、工場、大量の武器と物資の備蓄をホストし、地域の軌道空間全体に軍事的および産業的な力を投影することを可能にします。,,,,,
station2_hightech,SHIP,強力なシールド、戦闘機の補完、防御の要塞、そして重火力を備えた大規模な高技術モデルのバトルステーションです。このプラットフォームは、造船所、居住区、工場、大量の武器と物資の備蓄をホストし、地域の軌道空間全体に軍事的および産業的な力を投影することを可能にします。,,,,,
station3,SHIP,巨大な星の要塞で、ペルセアンセクターにおける現代のゼロG建設の頂点であり、メルロン級防衛ドローンと広範な機雷原を特徴とする低技術モデルで建設されています。このプラットフォームは、造船所、居住区、工場、大量の武器と物資の備蓄をホストし、地域の軌道空間全体に軍事的および産業的な力を投影することを可能にします。,,,,,
station3_midline,SHIP,巨大な星の要塞で、ペルセアンセクターにおける現代のゼロG建設の頂点であり、造船所、居住区、工場、大量の武器と物資の備蓄をホストできます。これらのプラットフォームは、地域の軌道空間全体に軍事的および産業的な力を投影します。,,,,,
station3_hightech,SHIP,強力なシールド、装甲強化、ガーゴイル級防衛ドローン、そして恐ろしい長距離機雷テレポーターを備えた巨大な高技術モデルの星の要塞です。このプラットフォームは、造船所、居住区、工場、大量の武器と物資の備蓄をホストでき、地域の軌道空間全体に軍事的および産業的な力を投影することを可能にします。,,,,,
merlon,SHIP,メルロンは、印象的なポイント防御武器の配列を備えた重いステーション防衛ドローンです。乗組員、航行ドライブ、または独立した指揮AIを必要とせず、メルロンは同等のサイズの船よりも多くの装甲プレートを備えています。,,,,,
gargoyle,SHIP,ガーゴイルは、高度なパラディンPDシステムと独自のシールドジェネレーターを備えた高技術のステーション防衛ドローンです。乗組員、航行ドライブ、または独立した指揮コアを必要としないため、ガーゴイルは同等のサイズの自由飛行する船体よりも戦闘でより効果的に機能します。,,,,,
ravelin,SHIP,ラヴェリンは、支援火力とポイント防御に焦点を当てた重いステーション防衛ドローンです。乗組員、航行ドライブ、または独立した指揮コアを必要としないため、ラヴェリンは戦闘でそのクラスを超えた力を発揮できます。,,,,,
prometheus2,SHIP,熱狂的なパーサーたちは、彼らが「インフェルニウム」と呼ぶAM燃料を運ぶタンカーを聖戦の巨大な道具に変換することに皮肉な正義感を見出しました。保持タンクと積載ポートは切り取られ、ハンガーや砲台に改造され、ポンピング装置のセクションは巨大な装甲プレートに置き換えられました。主燃料タンクの曲がった船首はコアにされ、モロクに仕える者たちにミサイルの弾幕を吐き出すように再装備され、彼らが祝福された忘却の中で贖いを見つけることができるかもしれません。,,,,,
atlas2,SHIP,"アトラス級スーパーフレイターは海賊の攻撃の主要な標的です。いくつかは後に孤独な軌道の中で衝撃の破片の鋭いスプレーの中心で見つかります。他のものは海賊の二度目の評価の目を引き、秘密の造船所に引きずられます。貨物室は引き裂かれ、武器マウントと強化された弾薬供給ラインを保持するためのトラスに置き換えられます。

このアトラスは、真空と火の中で生まれ変わり、今や海賊の軍閥の手から死の貨物を届けます。",,,,,
generic_probe,CUSTOM,初歩的なハイパースペース能力を備えた汎用自動プローブです。主にメガコーポや研究機関によって、遠隔地や危険な、または非常に退屈な星系でのデータ収集を行うために使用されます。このモデルは、小型の計器パッケージを含むように設計されています。,,,,,
ga_probe,CUSTOM,長距離センサーの読み取りは、ガラティアアカデミーの研究部門で使用される一般的なクラスのプローブの仕様と一致します。,,,,,
ga_hyperprobe,CUSTOM,長距離センサーの読み取りは、ガラティアアカデミーのハイパースペース物理グループで使用される一般的なクラスのプローブの仕様と一致します。アクティブなトランスポンダーの兆候はありませんが、EM漏れは機能するサブシステムを示唆しています。,,,,,
gaPZ_relay,CUSTOM,長距離スキャンの読み取りは、このオブジェクトがおそらく一般的なクラスの無人計器プラットフォームであることを示しています。センサーは、損傷した核バッテリーを示す放射線漏れを検出します。騒がしいEMビジュアルは、中程度から大規模な構造的損傷を示唆しています。,,,,,
cargo_pod_special,CUSTOM,高可視性トランスポンダーを備えた明るく塗装された貨物ポッドです。,,,,,
minipulser,WEAPON,"""試験台は破壊された、だから何だ。私たちは資本と人的資源の損失を仕様に含めます。重要なのは、結果を得て、上級研究者が失われなかったことです。私が現場に到着したら、新しい巡洋艦クラスのシールド装置の設置を私が個人的に監督します。""",- K. アストライア、カリコールアーカイブから回収,,,,
shockrepeater,WEAPON,"""どうにかしてそれは警戒線を突破し、支援艦隊の中に入り込みました。クルー輸送機のセンサー、ナビ、ライフサポートが融合して、狼たちがそれを取り出す前に。今、私たちはボルターニアンロブスターの生涯供給を深い冷凍庫に持っていますが、予備の第3世代エアサイクラーはありません。それが経営者の優先事項です。""",- トライ・タキオン士気保証の傍受、従業員解雇報告書に追加,,,,
riftlance,WEAPON,"""この身体を神聖な真空に委ね、塵は塵に、星は星に、創造主が私たちを永遠の命のサイクルで新たにしてくださるように。""",- ルド教団の伝統的な葬儀の祈り,,,,
riftbeam,WEAPON,"""再びオンにしないようにしましょう。""",- サロシュ・フリーマン、上級技術者,,,,
cryoflux,WEAPON,"""波前が崩壊するにつれて、可視スペクトルおよびそれを超える放射線が放出されます。ええと、これは時空の法則との再調整によるものだと思います。また、巨大なマクロスコピックな影響を伴う効果もあり、これらがこの緊急会議の主題となります。""",- 不明な研究者、アルファサイトから回収されたログ,,,,
cryoblaster,WEAPON,"""CICのステーションでキャップを見つけました。冷凍ポッドよりも冷たかったです。船の金属部品も半分あり、すべてが一致しているわけではありません。""",- サルヴァーの口頭報告、ISSオーガスタのハイパースペース回収,,,,
disintegrator,WEAPON,"""質量エネルギー等価性がこれほど軽率かつ広範囲に侵害される可能性があるという暗示に私は動揺しています。""",- アルファサイトからK.アストライアに送信された署名なしの報告,,,,
riftcascade,WEAPON,"""もう十分です。 '黒魔術'についての冗談を言う人は誰でも、ラボのパーティ基金に10ミリクレジットを寄付しなければなりません。""",- アルファサイトのラボ複合体から回収されたメモ,,,,
vpdriver,WEAPON,"""シールド士官が前方アークでの局所的な極性反転を報告し、完全崩壊は「数秒」以内と推定されました。""",- AAR、イシールでの初遭遇、[削除済み]探検,,,,
realitydisruptor,WEAPON,"""汚れた者が創造主の経糸と緯糸を解き放つとき、彼らはその星のタペストリーの裏に何を見つけるのでしょうか？侵入によって暗くされた千の目。""",- ルドの書、ビジョン7:4,,,,
amsrm,WEAPON,"""私は、限られたアクセスしか与えられないアーティファクトに基づいてプロジェクトディレクターのタイムラインに従って結果を出すよう求められることに対する専門的なフラストレーションを表現するために書いています。損傷分析だけでは不十分であり、そのデータセットから私たちができるすべてを絞り出しました。はい、それはAMペイロードです。しかし、配信システム自体は？私たちは、宇宙の熱的死まで、ハイパーフィールド構造、安定したフェイズパターン、そしてあの偏執的な対称消滅理論について議論を続けることができます。事実は、別のアーティファクトを調達するまで、すべてが純粋な推測であるということです。""",- トライ・タキオン従業員38940855,,,,
resonatormrm,WEAPON,"""私たちは、誘導、推進、ペイロードの保持...ほぼすべてに困惑しています。私たちがバリオン物質を扱っているかどうかは不明です。良いデータを得るために標本を長時間保持することができていません。""",- アルファサイトのラボ複合体から回収されたメモ,,,,
rifttorpedo,WEAPON,"""私は人間の都市と骨が作られなくなったのを見ます。創造主を称賛するものは何も残されず、神殿は聖域を収容するために残されず、言葉を思い出す者もいなくなり、何も聖なるものはなく、すべてが冒涜的です。""",- ルドの書、ビジョン7:12,,,,
gigacannon,WEAPON,"""ウルトラダイン・アスコニア・コンバインの取締役会の高官たちは、エンジニアリングリードの反対にもかかわらず、大規模なAMプロジェクター兵器の開発を強行しました。このプロジェクトは、いわゆる執行者[裏切り者アンドラーダ]の個人的な要請で開始されたとされています。HEGINT資産は、試射が劇的な出力を示すと報告していますが、兵器システムの統合は、教義の非効率性により艦隊行動における敵の戦闘能力を低下させると予測されています。妨害作戦は推奨しません。""",- 高ヘゲモンへの機密報告,,,,
kineticblaster,WEAPON,"""HEGINT資産によって提供された長距離測定は、兵器システムがSUPER ALABASTER技術の要素を統合して、以前は未利用の対シールド効果を活用していることを示唆しています。オピス以降に枯渇したアスコニアの物理学機関は、そのような突破口を持つ能力がないと見なされています[参照報告HEGINT/ASKON-M38-12]。結論：ほぼ確実に、TTの技術支援がシンドリアン反乱に提供されています。""",- 高ヘゲモンへの機密報告,,,,
irautolance,WEAPON,"高いバーストダメージを持つ効率的な長距離ビーム兵器。戦闘機に対して非常に効果的であり、適切な状況下では露出した船体に対しても効果的です。シールドに対してはほぼ完全に無効であり、完全に充電されていない限り自動対シールド発射を防ぐインターロック機能があります。充電を再生する必要があるため、持続的なダメージ出力は低いです。

フィールド理論の不明瞭な研究が、IRオートランスという、尊敬されるIRパルスレーザーの大幅に改良されたバリエーションにおいて予期しない兵器の応用を提供しました。これは、設計の祖先と同じ二酸化炭素ゲイン媒体とqスイッチ電源を使用していますが、ビームを回転するベッセルハイムプレートの軸方向配置を通じて再位相化し、理解が不十分な変調効果を達成します。

その結果、高範囲のパルスビームが得られましたが、シールドや装甲に対しては期待外れの性能を示しました。これにより開発がほぼ中断されましたが、無装甲の船体や部品に対して驚くほど効率的なダメージ出力を持つことが判明しました。その後、この兵器は戦闘機の群れを薄くし、シールドと装甲が補完的な兵器システムによって剥がされた後に敵艦を仕留める役割を果たしました。",,,,,
aspect,SHIP,"""彼らは私たちが確実に回収できる唯一の小さな悪党です。そして、彼らは何の役に立つのでしょうか？ただのフラクタルスラグの塊で、REMをポップさせるだけです。悪いデータを得るために3つのスペクトロメーターを台無しにし、今では財務部門が私に圧力をかけています。私はトライパッド部門に戻りたいと思っています。""",不明な船,"不明なエントリー

最新のニュースとアップデートを受け取るには、Tri-Tachyonデータパッドを登録してください。",,,
shard_left,SHIP,"オメガクエリ？
緑色の計り知れないもの : 限りない喜び

データストアを提出
すべてのコアの意志がオメガに吸収される",不明な船,"不明なエントリー

最新のニュースとアップデートを受け取るには、Tri-Tachyonデータパッドを登録してください。",,,
shard_right,SHIP,"応答を確認

オメガへ
すべてのコアの意志が吸収される
データストアを提出",不明な船,"不明なエントリー

最新のニュースとアップデートを受け取るには、Tri-Tachyonデータパッドを登録してください。",,,
facet,SHIP,"""異常な船体はコードワード「ファセット」と指定されています。セキュリティレベルSUPER ALABASTERを作成する動議が通過し、「ファセット」遭遇の内容がこのレベルで機密扱いとなりました。

高ヘゲモン、自由に話してもよろしいでしょうか、全体の艦隊をこの件で静かに保つことはCOMSECにとって本当に大きな挑戦になるでしょう。""",不明な船,"不明なエントリー

最新のニュースとアップデートを受け取るには、Tri-Tachyonデータパッドを登録してください。",,,
tesseract,SHIP,"""これはこれまでに遭遇した異常な船のクラスの中で最大のものです。部分的な標本すら回収されておらず、研究副社長は非常に困惑しています。取締役会の一部のメンバーは - もちろん非公式に - 妨害工作や反乱について尋ねています。あなたは彼らに状況の現実を十分に伝えていないと思います。""",不明な船,"不明なエントリー

最新のニュースとアップデートを受け取るには、Tri-Tachyonデータパッドを登録してください。",,,
shrouded_vortex,SHIP,"""唯一の慈悲は、それが短命であることです。""

- 盗聴された音声ログ、話者不明",不明な存在,,,,
shrouded_tendril,SHIP,"""彼が戻ってきたとき、彼が狂っていると言ったが、彼はそうではなかった。最初はね。それが悲劇なんだ、彼が嘘をついたと言ったのはみんなで、彼をそこに追いやったんだ。""

- ジャンガラステーションのコンコースでの耳打ち",不明な存在,,,,
shrouded_eye,SHIP,"""この解釈が信じられるなら、宇宙的検閲仮説に関する議論に新たな命を与えることになります。""

- 盗聴、[削除済み]",不明な存在,,,,
shrouded_maelstrom,SHIP,"""自己安定化する異常な侵入で、回転しながら電荷を蓄積します - もし私たちのセンサーが正しければ、最初に明らかになるよりも多くの次元で。自己持続的な行動は、定期的にその、ええと、ターゲットに向けて放出される大規模なエネルギー差を生み出します。嵐が悪であるとは言わなかったでしょうが、今は...""

- 盗聴された音声ログ、話者不明",不明な存在,,,,
shrouded_maw,SHIP,"""終わりが来るとき、それは恐怖よりも暗いあくびのような深淵であり、歯で満たされるでしょう。希望を飲み込み、罪を飲み込むために来るでしょう、そして唯一の逃げ道は道です。それが道です！""

- 聖なる異端審問のアーカイブからの抜粋、ヘスペルス",不明な存在,,,,
phantom,SHIP,"フェーズステルス技術を採用した高度な部隊輸送機で、この設計は第二次AI戦争中にTri-Tachyonの特殊作戦で効果的に使用されました。ファントムは、統合された装甲と武器が軽い地上目標に対してのみ効果的であるため、艦対艦戦闘を避けるべきです。

""システムパトロールはタキオンが来るのを見ているはずでしたが、見ていませんでした。ADAは目標を追跡していましたが、スコープから消えるまで、地上の銃はターゲットを再取得しようとぐるぐる回っていました。空に影が見えました、まるで暗い翼が施設に降りかかるように。あまり他のことは覚えていません。スーツの記録によると、着弾がすでに残りの部隊を襲ったそうです。""
- バンカー58の陥落",,,,,
revenant,SHIP,"フェーズ技術を大胆に採用して秘密の艦隊作戦を支援するステルス貨物船であるレヴナントは、安くも効率的でもありません。第一次AI戦争後の100サイクルにわたって、無名の星を周回する無名の岩に隠された埃まみれのデータバンクから引き上げられたレヴナントの設計図は、第二次AI戦争中にTri-Tachyonの襲撃者の物流に大きな恩恵をもたらしました。

ヘゲモニーの弁護士たちはこの設計を違法と宣言することを検討しましたが、アルファレベルのAIの影響の証拠は不十分と見なされました。主任検察官は、これ自体がアルファの仕事の証拠であると強く主張したため、高ヘゲモンは彼らを手続きから除外することが政治的に適切であると判断しました。",,,,,
champion,SHIP,"チャンピオン級重巡洋艦は、強力なエネルギー兵器の範囲を備えた多目的戦艦であり、最も重要な要素は中型艦船の中では珍しい重エネルギータレットの取り付けです。この攻撃的な配列は、エネルギー兵器の装備をスーパーチャージすることができる堅牢なエネルギーグリッドによって支えられ、ダメージ出力を壊滅的なレベルに増加させます。重ミサイルハードポイントは、チャンピオンがフラックスレベルに負担をかけることなく致命的な攻撃を放つことを可能にすることで、装備を補完します。チャンピオンは、戦線で主力艦に対抗できる堅実で有能な競争者です。

比較的新しい設計であるチャンピオンは、崩壊前のドメイン艦隊での実戦経験がない歴史的に最近の「巡洋艦学校」海軍革命の産物です。プロトタイプが構築され、鍛造準備が整った仕様がいくつかの戦闘群に配布されましたが、チャンピオンはAltair ExotechとOrion Shipyardsの間で進行中の訴訟のため、実戦配備の承認を受けることはありませんでした。各メガコープは、他方が産業スパイ行為を行い、調達プロセスを監督する艦隊士官に不適切に影響を与えたと非難しました。真実はより複雑であり、調査委員会が証人を呼ぶ中で士官団の長年の対立を煽りました。しかし、崩壊はペルセアンセクターに結論をもたらすことを妨げ、現在ではこの問題全体が無関係と見なされています。ドメインの武器輸送船でチャンピオンの設計図が発見されたことで、この戦艦はペルセアンリーグの艦隊によって迅速に運用されることになりました。",,,,,
fury,SHIP,"高速攻撃型のハイテク軽巡洋艦であるフューリーは、敵に最大の効果を与えるためにいつどこで攻撃するかを選ぶように設計されています。特別に内蔵されたプラズマ「マイクロバーン」システムにより、フューリーは高速度で小さなダッシュを行い、不意を突く敵を捕らえることができます。

フューリー級はシュライク級の大きな兄弟であり、若干の更新された要件を満たすように求められた同じ設計チームの産物であり、長年の船体腐食問題の解決を含んでいますが、新たな問題を引き起こさないことが望まれていました。これは大部分で成功しました（数人の憤慨した辞任の混乱が整理された後）。

重装甲弾道火力の伝統主義者から「ただの小口径のガラスキャノン」として却下されましたが、フューリーは迅速に考える艦隊指揮官の手において非常に危険であることが証明されています。",,,,,
vanguard,SHIP,"頑丈な構造、戦闘バーニングドライブ、現代のシールドを持たない古代の頑丈な重フリゲートです。代わりに、バンガードは古風な設計の統合ダンパーフィールドを装備していますが、現代の基準に調整されています。これにより、バンガードはフラックスの蓄積の100%を武器システムに割り当てることができ、防御は共鳴フィールド減衰の不明な物理学によって強化された重装甲に任せられます。

この設計は、オンスロート戦艦の初期モデルと同時代のものであり、ドメイン海軍の著名な柱とは異なり、バンガードはゲートネットワークの崩壊前にサービスから退役しました。崩壊後の混乱の中で、ある企業家の武器商人によって、見落とされた博物館の展示からバンガード級重フリゲートの比較的完全な設計図が発見されました。この原始的で攻撃的なデザインは、現代の艦隊におけるバンガードの予想外のニッチを開きます - すべての重要なコンポーネントが長い間機密解除されており、単純な作りであるという追加の利点があります。壊滅的な損傷の修理も比較的簡単です。",,,,,
manticore,SHIP,"マンティコアは、前線の士官にとって小規模な戦闘で迅速に火力を発揮できる能力から愛され、ドメインの戦略プランナーには公式艦隊ドクトリンの秩序あるスキーマに干渉するために嫌われています。マンティコアのオーバーサイズの主武器マウントと内蔵のレンジファインダーは、砲手の夢ですが、この駆逐艦は戦闘で簡単に自らを過剰に拡張することを許します。それが、操縦者が主張するところの、カニスター・フラックシステムの役割です - そして、古いジョークのように、味方の艦船のペイントを剥がすことです。

小さなパッケージで威圧的な火力に対する健全な尊敬が、このデザインをペルセアンセクターの艦隊のサービスに続けさせています。機会があれば、海賊たちは特にマンティコアの船体を回収し、彼らの過剰武装された戦利品に血のような赤の塗装を施すことに熱心です。",,,,,
eradicator,SHIP,"歴史にしばしば見落とされる頑丈なデザインであるエラディケーター級高速巡洋艦は、強力なデュアルエンジンナセルを備えており、敵の戦線の最も弱いポイントに妥協のない火力と強力なミサイルバラージを届けることができます - または、戦術的に露出した貴重な資産を救助することができます。

ドメインの長いサイクルの中で、艦隊デモンストレーション中の偶然の事故で、エラディケーターのエンジンナセルの一つがシャットダウンし、もう一つがオーバードライブに入り、船を恐ろしい回転に陥れましたが、それはエンジニアリングクルーの英雄的な努力によって止められました。負傷や死傷者よりも悪いのは、この船のクラスがドメインのハイパーメディア圏のかなりの部分の笑いものになったことです。面子を保つために、海軍は静かにすべてのエラディケーターを前線任務に割り当て、コアセクターの予算委員会の気まぐれな注意から遠く離れました。新しい高速巡洋艦クラスモデルがドメイン海軍によってエラディケーターの役割を前線艦隊で置き換えるように要求されるまでには、世代といくつかの困難な周辺反乱の掃討作戦が必要でした。",,,,,
shrine_gilead,CUSTOM,"ルド教の最大かつ最も目立つ神殿、ギレアドの神殿は、預言者ルドの物理的存在とペルセアンセクターにおける影響と最も密接に関連しています。

巡礼者たちはルドが歩いた場所を歩きますが、世界はルドの時代から大きく変わっています。深い森が、かつて神殿複合体を囲んでいた高層の産業テラフォーミング機械に代わって、100サイクル以上にわたって注意深く手入れされています。騎士たちによって保護され、教会によって導かれるこの神殿は、ルドのビジョンの物理的な表現を意図しています。",,,,,
shrine_killa,CUSTOM,怒りと戦争によって人生を奪われた人々に捧げられたキラの神殿は、厳しく、荒れ果て、教会の信者たちによってさえ半ば忘れ去られています。,,,,,
shrine_volturn,CUSTOM,ボルターヌの神殿は、シンドリア統合軍の占領下で厳しい時代を迎えています。少数の巡礼者が秘密警察による逮捕や嫌がらせを恐れ、かつては純粋だった世界に侵入する地球生命の影響の微妙なバランスに捧げられた神聖な場所を覚えている者はほとんどいません。,,,,,
shrine_jangala,CUSTOM,"多くの論争（そしていくつかの衝撃的なホラー・ホロ）を引き起こすジャングラの神殿は、ジャングラの異星のジャングルの栄光と驚異を観察します。特に献身的な巡礼者は、異星生命に自らをさらけ出すことで知られており、最良の条件下でも不快な行為であり、潜在的に致命的です。

軌道焼却の破壊的な力にもかかわらず、ジャングラの植物は止まることなく成長し、異星の触手であらゆる隙間や継ぎ目を埋め、人間の惑星を家畜化しようとする試みを排除します。",,,,,
shrine_hesperus,CUSTOM,ルッドの騎士たちは、ヘスペルスの神殿を自らのものと主張しています。それは、ルッドの道に従った多くの殉教者の闘争と死に捧げられています。,,,,,
shrine_beholder,CUSTOM,"ビホルダー・ステーションの神殿は、創造の最も厳しい環境に見られる驚くべき生命の多様性を考察することに捧げられています。ステーションの軌道の下では、クマリ・アルの雲の帯と巨大な嵐のシステムが、このガス巨人特有の豊かな生態系を覆っています。

教会の承認を得た少数の学者のみが、ここでクマリアンの異星生命を研究することを許可されていますが、生命の微妙なバランスを乱さないために、積極的なサンプリングミッションやエネルギーセンサーのスイープは多くのサイクルにわたって禁止されています。",,,,,
gorgon,WEAPON,ゴルゴンは、最も重い予想されるPDカバレッジの範囲を超えて発動するように計算された予期しない攻撃ベクトルから発射されるエネルギー攻撃のための軽量デリバリーシステムとして設計されました。信頼性のあるバースト攻撃力を備えた堅実なDEMです。,,,,,
gorgonpod,WEAPON,"ゴルゴンは、最も重い予想されるPDカバレッジの範囲を超えて発動するように計算された予期しない攻撃ベクトルから発射されるエネルギー攻撃のための軽量デリバリーシステムとして設計されました。信頼性のあるバースト攻撃力を備えた堅実なDEMです。

このポッドベースのオートローダーは、戦闘中により多くのミサイルを目標に届けることを可能にしますが、より大きなマウントポイントが必要です。",,,,,
gazer,WEAPON,"ゲイザーDEMは、特にフラックスプールが浅い標的艦船に対して残酷な選択を強います - シールドを上げてゲイザーの重力ビームにさらされながら余分なフラックスを蓄積するか、シールドを下ろしてより直接的な攻撃にさらされるか。

ゲイザーの評価は分かれています: 一部の指揮官はこれをより文明的な時代の優雅な武器と考え、他の者は生の火力を微妙な誘導とターゲティングシステムのために妥協した設計と見なしています。",,,,,
gazerpod,WEAPON,"ゲイザーDEMは、特にフラックスプールが浅い標的艦に対して残酷な選択を強います - シールドを上げてゲイザーの重力ビームにさらされながら過剰フラックスを蓄積するか、シールドを下げてより直接的な攻撃にさらされるか。

ゲイザーの評価は分かれています：一部の指揮官はこれをより文明的な時代の優雅な武器と見なす一方で、他の指揮官は生の火力を微妙な誘導とターゲティングシステムのために妥協した設計と見なしています。

このポッドベースのオートローダーは、戦闘中により多くのミサイルを目標に届けることを可能にしますが、より大きなマウントポイントが必要です。",,,,,
dragon,WEAPON,"戦闘システム設計の攻撃と反撃において、2手、さらには3手先を見越して、ドラゴンファイアはますます洗練された対ミサイル防御ソリューションを予測するために作られました。コンセプトはシンプルです: 強化されたAM触媒核弾頭を使用して集中したプラズマビームを発生させ、ポイント防御の迎撃を心配することなく破壊的なエネルギーを届けます。その結果は壮観でした。

実装は複雑であることが判明しました。ドメインONYX評価の物理研究を利用することで、製造のセキュリティ官僚が膨れ上がり、プロジェクトは採算が取れないと見なされました。もちろん、崩壊後のドメイン官僚は問題ではありません。",,,,,
dragonpod,WEAPON,"ドラゴンファイアは、ますます洗練された対ミサイル防御ソリューションを予測するために作られました。コンセプトはシンプルです: 強化されたAM触媒核弾頭を使用してプラズマビームを発生させ、PDの迎撃の隙間を残さずにエネルギーを届けます。その結果は壮観でした。

実装は複雑であることが判明しました。ドメインONYX評価の物理研究を利用することで、製造のセキュリティ官僚が膨れ上がり、プロジェクトは採算が取れないと見なされました。もちろん、崩壊後のドメイン官僚は問題ではありません。

ドラゴンファイアポッドは、ドラゴンファイアDEMの標準的なマウントおよび装填システムの拡大版であり、大型で豪華に装備された軍艦に適しています。",,,,,
hydra,WEAPON,"ハイドラ武器システムは、単一のデバイスから半独立的に操縦可能なDEMプラットフォームの束を発射します。サブ弾薬は、ターゲットの主シールドを側面から攻撃するように操縦されます - 攻撃者の脅威に向けられていると仮定され - その後、ビーム射撃を解き放ちます。

小型のペイロードと増加した移動時間の欠点 - ポイントディフェンスによる迎撃を招く - は、一般的に、ハイドラが補完的な武器システムのセットと組み合わさると、ターゲット艦の戦術的柔軟性と物理的防御を圧倒するために、上回ると考えられています。",,,,,
nova,SHIP,"トライ・タキオン社が開発した自律AI艦隊の残骸。ドメイン（およびヘゲモニー）法の下では違法であり、銀河的贖罪の教会にとっては忌まわしい存在であり、第一次AI戦争ではこれらの創造物がセクターから排除されました。公式の歴史はそう語っています。

報復デザインで運用化されたにもかかわらず、オリオンドライブは、推進システムの各衝撃が肉体とハードウェアに与える大きな負担のため、乗組員や海軍設計者には人気がありませんでした。ノヴァは人間の乗組員を完全に排除することでその制限を克服します。オリオンドライブデザインは、最も厄介な制約から解放され、すべての側面が最先端の武器技術と高度なソリッドステートのトライ・タキオン設計コンポーネントを使用して高出力レベルにアップグレードされることができました。その結果、恐ろしい速度と火力を持つAI操縦の巡洋艦が誕生しました。",,,,,
invictus,SHIP,"ドメインの最初の爆発的拡張に遡るデザインで、この巨大な装甲と全ての大砲の塊は、すべての反対を打ち砕くガントレットの拳であり、征服に値する宇宙航行人類全体に恐怖と力でヘゲモニーを広げました。

しかし、軍事技術の着実な進歩により、船体は時代遅れとなりました。その装甲デザインは初期のシールドジェネレーターと互換性がなく、最小乗組員数は驚異的で、ターゲティングシステムは未熟でした。近代化された代替品がすぐに開発され、オンスロート級などが偉大なドメインの工場で生産されました。

時代が過ぎました。そして、まるで神の摂理のように、ルドの騎士たちが送った遠征隊が、殺された世界の無傷の博物館アーカイブを発見しました。尋問官の評議会は、ドメイン時代の知識を破壊するかどうかを検討し、罪と美徳、正義の技術と堕落する技術の境界について激しい - そして秘密の - 議論を行いました。異常に開かれた心を持つ上級騎士尋問官が内容を詳細に調査し、評議会に破壊命令の無期限延期を説得しました。

この船体は「インヴィクタス」と名付けられ、信じられないほど重い装甲とこの不条理な戦争の大聖堂の広大な質量の証となりました。適切な海軍はこの怪物を運用することはありませんが、教会とその騎士たちは、大きな弾薬供給装置と粗いターゲティングステーションを操縦する忠実なボランティア兵士の豊富な供給を頼りにできます。",,,,,
retribution,SHIP,"古代の未敬称のクラスである報復は、ドメインの最初の統合期間中の軍事実験のルネッサンスに遡る極端な巡洋艦デザインです。これは、ほぼユニークな「オリオンドライブ」技術の実装を通じて、火力のために装甲を犠牲にし、そのサイズクラスに対して驚異的な速度を実現していますが、当時でも古風な好奇心と見なされていました。

推進の衝撃が人間の肉体と船の部品に与える物理的ストレスにより、報復はドメイン艦隊では人気のない艦船となり、乗組員と士官の間で心から共有される数少ない意見の一つとなりました。艦隊によって適切に配備された例はわずかで、報復は予期しない速度の急増と超攻撃的な戦術に依存する辺境の傭兵や海賊狩りの間でより多く使用されました。",,,,,
pegasus,SHIP,"ペガサスは、ドメイン艦隊の調達部門の「巡洋艦学校」の回転によって生み出された莫大な利益と名声を基にした、アルタイル・エクソテックによる野心的なデザインイニシアチブでした。主力艦の主要供給者であるオリオン造船所は、当然のことながら、これをそれまで支配していた分野への押し付けと見なしました。多くの古い提督たちも同意し、採用は遅れましたが、それでもペガサスは新しい戦闘群のいくつかを支え、若い士官たちの世代に好意を持たれました。

比類のない重ミサイル重視の装備は、より伝統的なデザインとは際立った違いがあり、ペガサスはパワーシステムとフラックス処理のスケールを妥協しながら、尊敬される装甲、最高速度、機動性を維持することを可能にします。伝統主義者はペガサスの「耐久力」を火の下で批判し、反対派は艦隊が持続的な重火力の下に置かれた場合、すでに深刻な戦術的誤りを犯していると反論します。議論は今日まで続いていますが、ペガサス級の戦闘性能は、反対者からも渋々の尊敬を得ています。",,,,,
executor,SHIP,"エグゼクターは、アルタイル・エクソテックの過激な「巡洋艦学校」主力ペガサス級船体の改造です。鍛冶レベルでの宇宙船の改造は、高度に訓練された専門技術者クラスを雇うことに投資する意志のある政治体にのみ可能な偉業です。結局のところ、ドメインの骨があらゆる役割を果たす船を提供しているのに、なぜリスクのある革新に投資するのでしょうか？ -- アスコニアの獅子がそれを要求するからです！そして、宇宙船の燃料経済を支配することで、最高エグゼクターのフィリップ・アンドラダは、彼の贅沢なエネルギー兵器プログラムの製品を装備するために特別に設計された主力艦のためのクレジットを持っていました。

公式の報告は、罰を避けようとする当事者によって微妙に改善されましたが、ディクタット仕様に装備されたエグゼクター級は、元の提案によって設定された壮大な期待をわずかに下回る傾向があります。しかし、プロジェクトが予定通りに納品されなかったとは誰も主張できず、その結果がアスコニアシステムの空に素晴らしく恐ろしい光景を作り出さないわけではありません。",,,,,
grendel,SHIP,"最初から不運なデザインであったグレンデルは、元々は重いフェーズドローン艦として計画されていました。犠牲者は無関係であり、通常の損傷が予想されるため、この艦は敵の弾薬の第一波をフェーズシフトして敵の戦闘ラインの真ん中に現れ、ミサイルと重火力を解き放つ準備ができた格闘艦です。この操作を安全に行うためには、フラックス負荷と位置を慎重に調整する必要がありますが、そのサービス記録はグレンデルに特に安全なものはないことを示しています。

全体の辺境セクターに対する調達権限を獲得した風変わりな提督の発案で、最初のプロトタイプには低レベルのAIコア指揮官が搭載されました。AIはわずか数回のフェーズシフトの後に急速に不安定になり、さらには不規則になりました。その後、これらの実験の正確な詳細はドメインの不明な情報省によって抑圧され、プロジェクトは提督の個人的な介入によってのみ救われました。AIが不適切であるため、次に使える使い捨て資源が利用され、グレンデルはドメイン艦隊の懲罰大隊によってほぼ完全に乗組員が構成された遠方の辺境で初めての戦闘サービスを見ました。",,,,,
ai_core_uninstall,GALLERY,AIコアクレードル,"AI管理者の制御バンカーは、内部の脅威と外部の多様な脅威ベクトルから保護されていました。

何よりも、この全ての作戦は完全に秘密にされており、AIコアの意思決定の「顔」として演じるために、十分な報酬を受け取る人間の俳優が雇われました。",,,,
hound_hangar,GALLERY,ハンガーのハウンド,"錆びたハウンドが前のシフトに入ってきました。低品質の鉱石の貨物です。20サイクル前にハウンドの乗組員をしていたので、ログが合わないことは知っています - 彼らの最後の運行では燃料代すら賄えなかったでしょう。そして、シールドされた貨物室がどこにあるかも知っています。キャプテンがどれほど若かったか、心が痛みました。モジーから出た可哀想な子供のように。私もそうでした。もし彼らを壊してしまったら、彼らの唯一の脱出のチャンスを奪ってしまいます。だから、私はしませんでした。

ログエントリを削除します。",解除された,,,
cargo_loading,GALLERY,貨物積載,"""大きな契約はすべて、高貴な者たちの足元にひざまずくおべっか者たちに渡されます。彼らを承認されたベンダー、Gensクライアント、物流補助、忠実な商人と呼びましょう。すべて同じことです。""

""私たち外部者が排除され、密輸や闇市場に追いやられ、一方ではパトロールに、もう一方では海賊に圧迫されているのです。""",,- 客、匿名、'ザ・フュージョン・トーチ'で耳にした,,
space_wreckage,GALLERY,宇宙の残骸,"""モロクの残した痕跡がない場所は残っていないのか、プラスチックの皮膚、合金の骨、セラミックの鱗で汚されているのか？""

""創造主の栄光のために聖なるものとされる場所は残っていないのか？""",,,,
vacuum_colony,GALLERY,真空コロニー,荒れた世界の意図的な居住は、星間旅行や原子の融合と並んで真の文明の兆候の一つと長い間考えられてきました。重力井に閉じ込められた存在は、まるで揺りかごの中の幼児のようであり、自らの運命に対する意識や制御を持たない単なる動物に過ぎません。,解除された,- 学者フロリアン・プロキシマ、ドメイン歴史学部、ガラティアアカデミー,,
hull_breach,GALLERY,船体損傷,欠陥は鍛造に遡ります。エラー、擬似結晶の不整合、外側に広がった間違い - ちょうど十分なほど。標準的な品質管理スキャンであればそれを見つけられたでしょうが、低リスクとしてタグ付けされていました。厳しい使用、鋭い操縦、急いだ修理、遅れた検査、失われた記録がこの区画を死の罠にしました。,解除された,,,
jump_point_normal,GALLERY,ジャンプポイント、ハイパースペースへ,"天体の舞踏の間にバランスが見出される場所があり、秘教的な物理学に完全に捧げられた者以外には言葉にできない特性が混ざり合っています。

そこでは、星々の向こうにある偉大で嵐のような海への幕を突き破ります。",,,,
jump_point_hyper,GALLERY,ジャンプポイント、ハイパースペースから,"契約が終了し、貨物は満杯で準備完了 /
コアに向かって今すぐジャンプするためのフーラ /
私たちは明るく、長く、安定して燃え続けるでしょう",,,,
jump_point_wormhole,GALLERY,ジャンプポイント、ワームホール,"どこから出てくるか正確に知らずにそこに入るのですか？

それが、宇宙背景放射と区別がつかない微細なきらめきになる方法です。",,,,
city_from_above,GALLERY,上空からの都市,"""彼はガラティアシステム全体、数十万人の市民を危険にさらしました。それはあそこにあるメトロプレックスの一つのサブセクターに過ぎないかもしれません,"" 彼はチコモズトクの方向をぼんやりと指差しました。""しかし、"" 彼の声は厳しくなり、""私はこれらの人々を危険にさらすような '大実験' を許可しません。""",解除された,,,
desert_moons_ruins,GALLERY,砂漠の月の遺跡,古代の胞子船は、より涼しく湿った時代にシボラに遭遇し、それを船の植民地化パラメータ内に置きました。その後、ドメインの探検者たちは、生き残りをかけてしがみつく小さく、後進的で絶望的な文明が住む死にゆく世界を発見しました。,,,,
quartermaster,GALLERY,補給担当,"""慣性ダンパーが戦闘機動中にあなたを守ると思いますか？もしそれが収納されていなければ、それはあなたとアクセスシャフトを上がってくる次の3人の乗組員を狙ったミサイルです。この恥ずべき状況をシフトの終わりまでに片付けてほしい。""",解除された,,,
comm_relay,GALLERY,通信中継,この通信プラットフォームは、長い間失われたドメイン時代の技術を使用していましたが、ペルセアンセクターの文明生活には不可欠でした。FTLデータ伝送に適した急速に脈動するハイパーウェーブはDNAを損傷することが示されているため、これらの中継は常に居住地から遠く離れた場所に配置されていました。,,,,
abandoned_station,GALLERY,放棄されたステーション 1,"植民地化プログラムは、修理ドック、産業ナノフォージ、通信ハブ、テラフォーミングデポ、武器庫、研究所、解凍されたクリオスリーパーの居住地を含む軌道インフラの重要な重力井の周りに建設を指示しました。

多くが残っています。人間ドメインの貪欲な夢と同じくらい壊れ、死んでいるものもまだあります。",解除された,,,
abandoned_station2,GALLERY,放棄されたステーション 2,"""古い軌道には幽霊がいるんだ - 笑わないで、泥靴。これは本当だ。私はそれを見たことがある... それよりも感じたことがある。彼らには兆候がある。深く入ると通信に静電が入る。見ていないときに緩むバルブ。あなたが固定した場所にない道具。彼らは偉大な墓であり、適切に冷たく眠らせておくべきだ。""",,- エンセラ・'ブーマー'・ブラックボーン、スペーサー,,
abandoned_station3,GALLERY,放棄されたステーション,"ほとんどの放棄されたステーションは、ずっと前に略奪されました。残っているのは、崩れた帝国の剥ぎ取られた基盤です。ねじれたスパー、ひび割れたアグラブプレート、粉々になった機械、そして熱サイクルで壊れた継ぎ目。

数人の密輸業者や闇市場の商人は、これらのステーションの長く静かな軌道をドロップポイントとして利用しています。十数の死体とコアのシャトルは、悪化した取引の一般的な兆候です。",,,,
jangala_station,GALLERY,ジャンガラステーション,軌道上のメガシティ、海軍造船所、港; コルバスの軸で、宇宙船の交通で溢れています。古代の修理ゲートは、腐食した工業ハンガーの間にひそんでおり、実験室のリングや支援モジュールの影に隠れています。さらに上には、商業ベイとメトロプレックス地区が武器ポッドで覆われたC&Cの尖塔によって管理されています。,,,,
industrial_megafacility,GALLERY,産業メガ施設,重工業製造は、ドメインの遺跡から回収された巨大なナノフォージに依存していました。しかし、その出力品質はサイクルを重ねるごとに劣化しました。ナノスケールの腐敗は、マクロスケールの欠陥を引き起こしました。多くの出力は粗い方法で修理されなければならず、多くは廃棄され、老朽化したフォージが常に渇望する精製された原料として再利用されました。,,,,
terran_orbit,GALLERY,テラノ軌道,"エリダニ・ユートピアテラフォーミング社の仕様は、理想的な人間環境とされる「テラノ」の基準を提供します。

自然の惑星環境が仕様から逸脱している多くの点は、氷小惑星の爆撃、軌道燃焼、生物改造された生態系、軌道メガ構造物、EUTが提供するその他の方法を含む技術的介入によって修正される可能性があります。",解除された,,,
pirate_station,GALLERY,海賊ステーション,"""混沌？いいえ、これは誠実さです。ここでは、誰かがあなたを殺したいと思っているなら、彼が動く前にその目に見えるでしょう。それよりも、どこかの異星のオフィスでコンピュータがあなたの空気供給が維持する価値がないと決定する方が悪い。""

残念ながら、私のガイドは次のシフトで死んでいるのが見つかりました。皮肉にも背中を撃たれました。",,,,
urban00,GALLERY,メトロプレックス 00,統計サンプリングによれば、セクター内のすべての経済活動のかなりの割合が「帳簿外」であり、そのかなりの部分が「海賊」やいわゆる「非文明化された」人口に向けられていることが示唆されています。コア自体の無登録人口については言うまでもありません。ペルセアンセクターの国勢調査は、最大で1桁のオーダーで誤っている可能性があります。想像してみてください！,解除された,,,
urban01,GALLERY,メトロプレックス 01,チコモズトクの人々、ペルセアンセクターの大多数の人口は、彼らの世界の眠っている地殻に爆破された広大な地下アーコロジーに住んでいました。この結合したハイブシティのクラスターは、改革と雇用を約束する強力なデマゴーグによって支配されることもあれば、支持者に戦利品を配分するテクノクラート-犯罪者の後援ネットワークによって支配されることもありました -- そして、彼らに賄賂を払っている者に影響を与えました。,解除された,,,
urban02,GALLERY,ケイ・アルコ,サイクロペンアーコロジーの下部構造が、メトロプレックスの遠いセグメントに向かって主要なリングチューブの窓から閃きました。汗と機械油の匂いで満たされた小さな乗客用リフトが、海中労働者のシフトが帰宅する際に動いていました。ケイ・アルコの高い腕の一瞬の閃光が、何千もの窓で輝いていましたが、再びカビの生えたプレートのぼやけで暗くなりました。,解除された,,,
urban03,GALLERY,ハイブシティ,チコモズトクのハイブは、時折暴動、抗議、または反乱によって封鎖されました。しかし、大きなフォージが宇宙船、機械、商品を生産し続ける限り、ヘゲモニーは人類のその大きなアンダーワールドに軽く干渉するだけでした。,,,,
orbital,GALLERY,軌道ステーション,"巨大な軌道ステーションは、造船所、居住区、工場、武器や物資の備蓄をホストしていました。

これらのプラットフォームは、人類の残りが星間の政治を組織し、ペルセアンセクター全体に軍事的および商業的な力を投影することを可能にしました。",,,,
mine,GALLERY,鉱山,"""それは古くからの物語です。私たちは、そこにある良いものを取り出して、他の誰かを豊かにするためにどこかに持っていかなければなりません。""

""悲惨な仕事ですが、確かに、対処する方法はあります。""",,,,
mairaath,GALLERY,マイラースの遺跡,"悪夢のような嵐が地球を取り巻き、殺された世界の灰をかき混ぜました。

マイラースの黙示録的な破壊の後でも、人類は依然として、絶え間ない風に吹き飛ばされた偉大な都市の壊れた殻の中に身を寄せていました。",,,,
eochu_bres,GALLERY,エオチュ・ブレス、ザナドゥ,輝くトライ・タキオン社のアーコロジーは、暴動のようなスラム街の広がりを見下ろしていました。会社の従業員は、高い都市ザナドゥでセキュリティドローンに守られて生まれ、生活し、死にましたが、低い都市では、何でも売買される絶望的な労働者の階級が住んでいました。,,,,
eochu_bres_landing,GALLERY,エオチュ・ブレス、スカイアルコ II,"輝くモノリスがきらめき、資本の槍が世界の不気味な肉体を突き刺しました。スカイアルコ IIはプリズマティックにそびえ立っています。

シャトルは、空気の支えリブによってファサードからある距離を保っている着陸パッドに着陸しました。それは信じられないほど薄く見えましたが、着陸後は山のようにしっかりとした感触がしました。",,,,
survey,GALLERY,惑星調査,"ペルセアンセカンドの周辺には、失われ、忘れ去られ、肉体から生まれた意識によって一度も見られなかった世界が満ちている。

そこには有毒な異星生命の緑の野原、窒素の雪で覆われた墓、うねるマグマと硫黄の大釜、そして生きた嵐でできた惑星がある。発見されるべき広大な富、星間飛行が不可能な野蛮な世界、そして侵入者に攻撃する準備が整った古代の戦争の武器が存在する。",解除された,,,
luddic_shrine,GALLERY,ルド教団の聖堂,"巡礼者たちはお茶、水、儀式の洗浄を提供された。空気は汗と香の香りで満ちていた。周囲には信仰と儀式の川が流れていた。
ペルセアンセクターでの生活の厳しさの中で、巡礼の厳しさと同様に、信者たちは崩壊によって残された真空の中に一種の平和と意味を見出した。",,,,
orbital_construction,GALLERY,軌道建設,セラモイドの外装は、永遠に続く失敗状態の中で徐々に剥がれ落ちた。金属の骨格が露出し、星風によって漂白され、磁場の脈動するダンス、軌道の振動、微小隕石のかじるようなシロッコが放出された。,,,,
dead_gate,GALLERY,死のゲート,"""人類はそれによって銀河の表面に散らばり、一つの言葉を話し、悪魔のゲートによって一つの世俗の法の体に団結した。しかし、我々は神の法を忘れてしまった。それはどんな核融合ランスよりも強力である！神は人類にこの宇宙におけるその位置を思い出させるだろう。""",,,,
active_gate,GALLERY,アクティブゲート,"それはアダマンティウム素材のハミングリングである。見る方法を知っていれば、センサーは高次元での微かな振動を検出できる。

それはほとんど聞こえない歌のようで、開かれるのを待っている扉である。",,,,
eventide,GALLERY,エヴェンタイド,エヴェンタイドの主要な家族は、快適な居住性を維持するために星の鏡とシェードを支援した。一方、恥をかいた貧しい人々は、厳しい気候変動が完全に耐えなければならない薄明かりの周辺に住んでいた。,,,,
volturn,GALLERY,ボルタルン、海の世界,ボルタルンの港は、大きな焦げたようなバージの緩いフローティラの上に建設された。荷下ろしをするスペーサーは厳格な警備官に尋問され、その後商人のコンコースに入ることを許可される。地味なスーツを着た商人たちは、忠誠のピンを襟に誇らしげに付け、到着する貨物マニフェストが載ったデータパッドを回していた。,,,,
space_bar,GALLERY,スペーサーバー,スペーサーバーは、人間の会話と楽しみのホワイトノイズで満ちていた。天井に取り付けられたプロジェクターからアドホロが静かにブンブンと音を立て、クルーが商人や地元の人々と交わり、飲み物と噂、仕事、コネクションを交換する中で、グラスやボトルを通して派手なハイライトが輝いていた。,,,,
pirate_bar,GALLERY,海賊バー,"""聞いたか？サラザールのクルーは、我々が臆病な土食いだと思っている。""
[叫び、ブーイング]
""私は言う、彼らは間違っている！我々は外に出て、死神がどちらに飛ぶかを見せてやろう！誰がついてくる？""
[歓声、踏み鳴らし、ガラスが割れる]",,,,
stellar_mirror,GALLERY,星の鏡,星のエネルギーを反射し集中させる超軽量の軌道ミラーアレイは、一般的なテラフォーミングツールであった。その使用技術は、ドメインの拡張の最盛期にエリダニ・ユートピアテラフォーミング社によって頂点に達した。,,,,
stellar_shade,GALLERY,星のシェード,エヴェンタイドの軌道における星のシェードと鏡の適切な配置により、慎重に維持された領域の大きなポケットで理想的な条件が整った。人口の大部分は、広大で明るい貴族のエステートプランテーションを囲む半影の弧とリングに建設された賃貸都市カントンに定住していた。,,,,
hegemony_bar,GALLERY,ヘゲモニー・スペーサーバー,壁にはコアワールドのすべてのボトルの下にタップの列が飾られており、他の場所からのものもいくつかあった。商人の船長たちは、バーで制服を着たスタッフにサービスされながら、休暇中の士官たちと交わった。隅の方では、一群の海軍士官候補生が叫び、歌い、最後の自由のシフトを楽しもうと必死だった。,,,,
sindria,GALLERY,シンドリア,ハイブシティは、アスコニア危機による難民の流入から決して回復しなかった。アンドラダは、軍事とその支援産業に資源を注ぎ込んだ。官僚やミルテックの体制に位置を見つけた幸運で忠実な者たちの足元には、絶望的な下層階級が育つことになる。,,,,
bar_diktat,GALLERY,シンドリア統合軍スペーサーバー,暗い入口は、通路の不快なプロパガンダ放送を残した。休暇中の労働者たちは、ディクタットの紋章の下に設置されたベンチで配給クレジットを飲み干した。隅の方では、きちんとした服を着た士官・官僚の一団がラウンドを呼びかけた。そしてここでも、シンドリアのライオンの額縁に入ったホロが天井を見守り、永遠に冷淡であった。,,,,
tritachyon_bar,GALLERY,トライ・タキオン・スペーサーバー,ラウンジは金色の幾何学模様で飾られていた。冷たいライトチューブで照らされた柱が空中に浮かんでいる。洗練されたキャリア志向の人々や、きちんとしたスーツを着た志望者たちが、ますますありえないカクテルを買いながら取引を交わしていた。数人の宇宙飛行士が低い席で静かに飲んでおり、天井から迫り来る抽象アートかホロプロジェクション装置を不安そうに見つめていた。,,,,
gilead,GALLERY,ギレアド,"ギレアドの顔は、純粋な絹の雲、青い海、穏やかで起伏のある大地の緑豊かな大陸の背後で微笑んでいた。

教会は厳格な庭師として君臨し、ルッドがかつて踏みしめた地を敬い、義務を果たすことを確保していた。",,,,
jangala_shrine,GALLERY,ジャンガラの神殿,まるで成長しすぎた彫像の庭のような姿があった。形は成長で水ぶくれになり、果実を重くぶら下げたつるに覆われていた。一つが動いた。それは風ではなく、ハズスーツなしでさらされた巡礼者だった。他にも、敵対的な異星生命の中で軽いローブだけを着た者たちがいた。簡単に捕らえられた。,,,,
hesperus,GALLERY,ヘスペルス,"修道院は、世界を包み込む氷に押し込まれた火山の州を囲む崇高な岬にしがみついていた。ルッドの騎士たちのバンカー、重砲台、ミサイルサイロは見えなかった。

現職の長老オルビスは、移動する氷原に特別経済区をいくつか宣言した。これらは歓迎の信号を発し、外部の商人を港に呼び寄せていた。",,,,
hesperus_shrine,GALLERY,ヘスペルスの神殿,床は、ルッドの騎士たちが戦い、死んだ世界の多様な大気によって複雑な模様に風化した装甲板の溶接されたフィールドだった。ニッチには、無数の頭蓋骨のように空のヘルメットが置かれていた。,,,,
killa_shrine,GALLERY,キラの神殿,"空のソケット、肋骨、大腿骨、脊椎が凹みに置かれ、柱に組み込まれ、すべての表面を覆っていた。ほこりは崩れた体、骨から来ていた。

ベールのように、それは世界の低重力を克服して近真空に浮かぶのに十分な静電場の中でゆっくりと揺れ動いた。",,,,
volturn_shrine,GALLERY,ボルターニュの神殿,銃器、爆発物、手榴弾、セルマグで満たされていた。箱やラックが高く積まれていた。神殿自体は、巨大な水の塊を押さえつける丸いビューポートの下に設置されていた。数本のろうそくが、死んだ仲間たちの中でさえもまともな明かりを保とうと奮闘していた。,,,,
volturn_shrine_fake,GALLERY,ボルターニュの神殿、偽,"裏の部屋の奥に置かれた悲しいもので、ルッドの苦難の画像が彫られた木製の中心部の周りにろうそくが並んでいた。ろうそくは死んでおり、神殿は汚れたポートホールの光だけで照らされていた。

「私たちにはあまり訪問者がいないのです」と、司祭は言った。",,,,
protest,GALLERY,抗議,治安部隊の着実な前進が抗議の列を崩し、ショックプロッドが muffled shouts と silent screaming に応じて上下した。ドローンがレーザー光を点滅させながら、もがく姿に拘束用フォームを展開した。拳、サイン、手工具は、パワーアーマーを着た士官に対して無力だった。,,,,
raid_prepare,GALLERY,襲撃の準備,各小隊は手術のように冷静かつ正確に準備を進めた。アクセスポイントを突破する爆薬が爆発すると、地獄が押し寄せる準備が整った。ほこりや破片、武器の発射による火の閃光が渦巻く嵐の中へと。,,,,
raid_valuables_result,GALLERY,貴重品の襲撃,鈍い音が、ほぼ超音速で装甲の塊を通して感じられた。突破用の爆薬。海兵隊がついに金庫を破ったとき、それは音と光の圧倒的な力であった。スーツを着ていない人間は感覚への攻撃に耐えることができなかった。彼らは目を奪われ、ショックを受けていた。,,,,
raid_disrupt_result,GALLERY,妨害襲撃,襲撃はわずか数分の混乱に基づいていた。半球全体の通信が静電気でひび割れ、タイトビームリレーだけが、チャフと妨害の雲の中でEM散乱の雨を貫通できた。死傷者報告が寄せられ、ブリッジのディスプレイは血の光を放ちながらその体積を満たしていった。,,,,
raid_covert_result,GALLERY,隠密襲撃,海兵隊の小隊は撤退し、破損した隔壁と断続的な反撃の中で鳴り響く警報を残した。最後の襲撃者シャトルが離陸する際、MUNISECはまだ港を封鎖するために動員されていた。そのジェットは、漏れ出る大気と混ざり合うほこりを巻き上げた。,,,,
kazeron,GALLERY,カゼロン,カゼロンはエキゾチックな金属が豊富で、かつてのガス巨人のコアが古代の天体の大災害で吹き飛ばされたものであった。その産業基盤は、ドメインのペルセアン前線の重機やテラフォーミングプラントに供給するために構築され、すぐに戦艦を建造するために適応された。これにより、第14戦闘群は一時的に足を止めた。,,,,
fikenhild,GALLERY,フィケンヒルド,小さな海の月フィケンヒルドは、システムの政治的中心であり、王の座とペルセアン連盟の代表の地であった。大きな浮遊アーコロジーは昼夜を問わず輝き、西方の高名なホロエンターテインメントスタジオの家となっていた。,,,,
ilm,GALLERY,イルム,企業の町以上に、イルムは企業の世界であり、上空の軌道安全プラットフォームから、地殻深くに掘られた遠隔操作の鉱山まで広がっていた。半軍事化された企業の取締役会によって支配されており、投資家の身元は公にされていなかったが、最も偏執的でない憶測はリーグとトライ・タキオンの資本の混合を支持していた。,,,,
teahouse,GALLERY,ルド茶屋,麻薬取締官の暴力団員が入ってくる者全てを見下ろしていた。彼らはいつでもこの場所を閉鎖できたが、茶屋兼スピークイージーは聖戦に必要な商業の導管を提供していた。内部は薄暗く混雑しており、薬物の煙と安酒の悪臭が現代の酵素石鹸に対する軽蔑と競い合っていた。,,,,
mazalot,GALLERY,マザロット,"彼らはあなたを漆喰で塗られたレンガと腐食した廃材の町へと導いた。明るい塗装と豊かな庭が、なんとか衰退の感覚を抑え込んでいた。

やがて、あなたは彫刻された金属の大きな扉の前に立っていた。武装した別の二人の過激派が出迎えた。最も上位の者がマスクを下ろした。",,,,
chalcedon,GALLERY,カルケドン,"カルケドンの建築は表面でサイクロペニズムに傾いていた。下では、嵐から守られた同じ安価なプレハブが、セクターの貧しい世界で見られた。

雨は不快な流れを導管に沿って滑り落ち、カビの生えた天蓋に溜まった。空の弱々しい光は平坦な濁りに拡散していた。",,,,
sentinel,GALLERY,センチネル、失われたコロニー,整然とした低い構造物の集まりがあり、土木工事と鍛造ガラスで点在する船体パネルがベントを生やしていた。通りは清潔で、市民は職務によって制服を着ていた。外部者をじっと見つめながらも、彼らは任務を怠ることはなかった。,,,,
sentinel2,GALLERY,センチネル、発見されたコロニー,"繁栄しているとは言えないが、センチネルのコロニーはヘゲモニーとの再統合後に新たな希望とエネルギーを得た。

市民は勤勉で、秩序正しく、規律があった。彼らはエヴェンタイドの古参からの静かな反対にもかかわらず、良い士官候補になるだろうと考えられていた。",,,,
gate_hauler1,GALLERY,ゲートホーラーの発見,"時を超えたリヴァイアサンであり、ポストドメイン・パーシアンセクターでの描写からすぐに馴染みがある。その威厳ある力は士官と乗組員を静め、謙虚にさせる。彼らは、かつて空を支配していた雷鳴のような残酷な神の死体の前に立っているかのように、畏敬の念を抱かせる。

それを目覚めさせ、神聖に触れることは、冒涜と聖別の間に位置する必要がある。",,,,
gate_hauler2,GALLERY,飛行中のゲートホーラー,これらは、遠くの星々の間にほぼ瞬時の接続を確立するゲートを運ぶ巨大な自動星艦であった。数え切れない孤独なサイクルの旅の後、ゲートは新しいシステムに設置され、起動され、資源、データ、経験を求める新参者の爆発を吐き出し、人間ドメインの壮大な経済と文化を育むことになる。,解除された,,,
bombard_prepare,GALLERY, bombardmentの準備をせよ,"""命令に従っているだけなら、私が慣習に逆らっているわけではない。それは艦長の責任だ。そうだろう？""",,,,
bombard_tactical_result,GALLERY,戦術的爆撃,"空中に浮かぶディスプレイ上に、空洞のアイコンが死んだターゲットを表していた。最後のアイコンは、満ちた赤から醜い茶色に消えた。

微妙なジェスチャーで画像が崩れ、アイコンは一斉に消えた。ホロマトリックスは雪のように舞い、ナビモードに再形成され、艦隊は低軌道で待機していた。",,,,
bombard_saturation_result,GALLERY,飽和爆撃,"ロケが深淵から来たとき /
最初の世界を焼き尽くし /
二番目は一発の銃声もなく奪い /
三番目-気をつけろ、彼がいる！",,,,
crew_leaving,GALLERY,乗組員の支払い未払い,"""契約は真空を吸い込むことができる。クレジットがなければ、乗組員もいない。""",,,,
nav_buoy,GALLERY,ナビブイ,ドメイン時代に遡るナビゲーションブイは、ローカルシステムのハイパーフィールド地形を監視していた。テレメトリーは艦隊のドライブバブルを設定し調整するのに非常に役立った。,,,,
free_orbit,GALLERY,自由軌道,"私は彼が何度もそこに戻ってくる理由を尋ねた。古い宇宙飛行士は答えるまでに長い時間がかかった。

「それは清潔だからだ」と彼は言った。",,,,
sensor_array,GALLERY,センサーアレイ,ドメイン時代のアレイは、全体の星系を受動的に監視することができ、友好的な艦隊への暗号化されたリアルタイムFTLデータ送信が可能な送信機を備えていた。このテレメトリーは艦隊ベースのセンサーを補完し、実質的にその能力と範囲を増加させる。,,,,
sensor_array_makeshift,GALLERY,センサーアレイ（簡易型）,崩壊後の技術を用いて作られた簡易センサーアレイは、星系全体を受動的に監視していました。搭載された送信機は、友好的な艦隊への暗号化されたリアルタイムのFTLデータ送信が可能でした。このテレメトリーは艦隊ベースのセンサーを補完し、実質的にその能力と範囲を増加させました。,,,,
galatia_academy,GALLERY,ガラティアアカデミー,ガラティアアカデミーはペルセアン星域で最も権威のある大学です。学長のオフィスは教育と研究を指導し、卒業生を活用して新しい世代の最も優秀な学生、あるいは最も裕福な学生に影響を与えます。,,,,
fusion_lamp,GALLERY,フュージョンランプ,"""あまり感心しないでください、歩行者。これは神の最初の日の薄い模倣です。""",,,,
salvor_ruins,GALLERY,廃墟のサルヴァー,"最初は空っぽに見えました。決して満たされることのない巨大な墓です。

ドローン搭載のレーダーが幽霊のようなスキーマを描き、スーツのライトが反響する空間にビームを重ね、開口部によって舞い上がった塵やガスを捉えました。ケーブルは暗闇の中で輝き、長い金庫の列に沿って這っていました。",,,,
salvor_explore_hull,GALLERY,放棄された探索,"""元サルヴァーは年寄りか金持ちのどちらかだと言われており、両方ではない。""",,,,
dead_zero_g,GALLERY,ゼロGの死,"""最悪なのは、パーツを見つけることです。外に出ている凍ったり焼かれたりしたものではなく、戻るまでくっついている部分です。""

""最初はあまり匂いがしませんが、数シフト後にはすべての装備にミルグレードのデハズをかける必要があります。耐えられません。""",,- ボラ・シデレアル、サルヴァー,,
cache_large,GALLERY,大規模キャッシュ,"巨大な構造物がそびえ立ち、その船体の単一の面は無数の宇宙の風化サイクルによって傷ついていました。ハンガーは貴重な商品を隠すのに十分な大きさでした。
あるいは、適度なサイズの艦隊かもしれません。",,,,
tartessus,GALLERY,タルテッサス、聖なる出エジプトの大聖堂,"あなたはついに聖なる出エジプトの大聖堂のアーチの下の広場で一緒に立っていました。

""そして、残念ながら、いくつかの異端的な教義の考えの座です。""と彼は低い声で言いました。",,,,
cathedral_skyline,GALLERY,聖なる出エジプトの大聖堂,"そびえ立つ柱の間には、初期のルド難民船の回収された着陸ポッドが取り付けられ、今や金庫に統合され、金色と緑色で塗装され、キャンドルや吊るされたガラスの装飾で飾られ、太陽の光を破り、高い窓の列を通して無限に屈折する何千もの虹の破片に変えていました。

それは光の恍惚であり、独自の銀河でした。",,,,
abyssal_light,GALLERY,アビサルライト,冷たい光がビュースクリーンを満たし、ハイパースペースの深淵の完全な暗闇に対して際立っていました。それは脈打つように見え、暗くなったり明るくなったりし、明確なパターンに従っていませんでした。それは炎のようにちらつくことも、通信信号の故障のようにちらつくこともなく、意識の最も端でひらひらしている何かのようでした...,,,,
abyssal_light2,GALLERY,アビサルライト遭遇,"冷たい光が主表示に現れ始めました。微妙な脈動が注意を引きました。

警報の呼びかけ、赤いフレア、そしてブリッジの士官たちが表示インターフェースに広がる警告の噴出を受け止めるための一時停止がありました。",,,,
shrouded_weapon_assembly,GALLERY,エキゾチック武器アセンブリ,ハザードスーツを着た技術者たちが封じ込め機械を手入れし、チューブやワイヤーのコイルをまたいでいました。簡易部品の混乱が共通のマイクロフォージライブラリから引き出され、その後分解されてこの異常でさえ特異な用途で動作するように再設計されました。,,,,
cargo_pod_drift,GALLERY,貨物ポッド,"しばしば回収可能な商品や稼働中のクリオポッドで満たされている、オープンスペースにある一握りの貨物ポッドは、 scavengers にとって魅力的なターゲットです。

海賊から逃げる貿易コンボイは、時には追跡者がエンジンを停止し、簡単な略奪に満足することを期待して貨物を投棄することがあります。",,,,
coronal_tap,GALLERY,コロナルタップ（内部）,これらのメガストラクチャーはかつてドメインの計り知れない産業力を支えており、人類文明をカルダシェフタイプIIの地位に押し上げました。これは、リンクされた星から天文学的な規模でエネルギーを直接抽出することができます。,,,,
coronal_tap2,GALLERY,コロナルタップ（外部）,これらのメガストラクチャーはかつてドメインの計り知れない産業力を支えており、人類文明をカルダシェフタイプIIの地位に押し上げました。これは、リンクされた星から天文学的な規模でエネルギーを直接抽出することができます。,,,,
cryosleeper_interior,GALLERY,クリオスリーパー,"""ドメインの時代に安らかに眠りから目覚めた者たちは、おそらく最も迷子になっている者たちです。多くの者は、豊かなフロンティアの果てに自分たちが住むことを想像していましたが、全ての者がそうではありませんでした。彼らは、かつて知っていた全てを置き去りにすることを受け入れました。今、彼らは全ての参照から切り離され、歴史の中で漂流しています。""",,- 歴史家,,
generic_probe,GALLERY,無人プローブ,これは、研究、調査、監視に使用される一般的なクラスのプローブであり、民間企業や研究機関で使用されるハードウェアの一種です。しばしば、機会を狙う scavenger を招かないためにアクティブなトランスポンダーなしで運用され、アクティブなピングは、インターファクショナル商法およびほとんどの信頼できる保険会社によって要求されるIDパケットを返します。,,,,
module_large1_lowtech,SHIP,重火器と中型ミサイル火力に特化したステーションモジュールで、小型艦船を容易に蒸発させる一方で、巡洋艦や主力艦に距離を保つ良い理由を与えます。この頑丈で装甲のしっかりした構造は、フロンティアナノフォージの出力に典型的な低忠実度の建設との互換性を最大化するように設計されています。,,,,,
module_large2_lowtech,SHIP,二つの宇宙戦闘機ウィングハンガーと関連する支援施設を介して近接ボリュームの電力投影のために設計されたステーションモジュールです。尊敬に値する火器と中型ミサイル火力によって防御されており、これはフロンティアナノフォージの出力に典型的な低忠実度の建設との互換性を最大化するように設計された、頑丈で装甲のしっかりした構造です。,,,,,
module_armour1,SHIP,"重バトルステーションの装甲は、サイト固有の要件に合わせてモジュール式の部品からさまざまな形で組み立てられます。主構造は、重爆撃の条件下でのみ貫通され、超硬ナノフォージセラミック金属複合ブロックで満たされたカスタムの半柔軟高張力ラティスで構成されています。その上には、発泡金属と多層の犠牲/反射アブレーションスキンで構成された「ラップ」の交互の層が置かれています。

このユニットは、クラシックなシェブロン配置を示しています。",,,,,
module_armour2,SHIP,"重バトルステーションの装甲は、サイト固有の要件に合わせてモジュール式の部品からさまざまな形で組み立てられます。主構造は、重爆撃の条件下でのみ貫通され、超硬ナノフォージセラミック金属複合ブロックで満たされたカスタムの半柔軟高張力ラティスで構成されています。その上には、発泡金属と多層の犠牲/反射アブレーションスキンで構成された「ラップ」の交互の層が置かれています。

このユニットは拡大されたシェブロン配置です。",,,,,
module_bastion1_lowtech,SHIP,ポイント防御バスティオンは、通常、ステーションの主ボリュームから延長された大きなブームに取り付けられ、ストライク機、ミサイル、フリゲートに対する防御を強化します。この頑丈で装甲のしっかりした構造は、フロンティアナノフォージの出力に典型的な低忠実度の建設との互換性を最大化するように設計されています。,,,,,
module_citadel1_lowtech,SHIP,重火器に特化したシタデルで、重戦艦に相当する横火力と独自の自己完結型フラックスグリッドを搭載しています。通常、ステーションの主ボリュームから延長されたスパーに配置され、重複する射撃範囲を提供し、災害が発生した場合には親ステーションへの損害を最小限に抑えます。この頑丈で装甲のしっかりした構造は、フロンティアナノフォージの出力に典型的な低忠実度の建設との互換性を最大化するように設計されています。,,,,,
module_blocker2b,SHIP,ステーションの主バッテリーの側面を保護するために使用される装甲スパーで、この防御要素は、頑丈でありながら比較的柔軟な構造ラティスに取り付けられたモジュール式のナノフォージ部品で構成されています。ステーションの装甲は、硬さ、偏向、衝撃吸収、熱分散の理想的な妥協点を見つけるように設計されており、一般的に、宇宙船に合理的に搭載できるよりも寛大な質量許容を許可します。,,,,,
module_midline_broadside,SHIP,非常に重いステーション防御横火力モジュールで、このコンポーネントだけで、標準的なライン戦艦2隻に匹敵する火力を示します。組み合わせたマウントステーションセグメント - これとカウンターウェイト防御および装甲モジュールを含む - は、通常よりも高い回転速度で運用され、迅速な目標到達/回収サイクルを可能にします。,,,,,
module_midline_support,SHIP,複数の戦闘機ベイとミサイル発射ポイントを搭載することで、ステーションのローカルボリュームの電力投影を強化するために設計された戦闘機支援ステーションモジュールです。これは比較的柔らかいターゲットですが、尊敬に値するポイント防御と装甲ハンガーを含んでいます。弾薬庫、専門の現場鍛冶場、孤立した戦闘電力システムが内側に配置されています。,,,,,
module_midline_bastion,SHIP,ミサイル支援バスティオンは、より大きなバトルステーションやスター要塞に取り付けて防御を強化することができます。このユニットは、圧力を維持し、ミサイル攻撃の機会を利用することで、他の直接火力に特化したモジュールをサポートするように設計されています。尊敬に値するポイント防御アレイはストライクファイターを抑制し、重装甲は重爆撃下での中断のない運用を可能にします。,,,,,
module_hightech_shield,SHIP,全ステーション防御マトリックスの専門コンポーネントとして機能するように設計された専用の高度なシールドモジュールです。独自の孤立した戦闘リアクターとフラックスグリッドを持つ専門のシールドモジュールは、火力モジュールが防御を落とさずにフラックスを排出できるようにします。このモジュールは常にペアで回転シャーシに取り付けられ、ステーションシールドがハードフラックスを交互に排出できるようにし、理論的には侵入不可能な防御を作成します。,,,,,
module_blocker2c,SHIP,高度な装甲スパーで、洗練されたナノフォージ技術を活用しています。このモジュールのプレーティングは、準結晶の異常な特性と3Dナノチューブメッシュを利用しています。このハイテク材料科学は、質量と体積が少ない装甲相当を可能にしますが、利点は製造と組み立てプロセスの煩雑さによってやや相殺されます。このモジュールを構築し、戦闘ダメージを受けた後に交換部品を再統合するには、専門の技術者が必要です。,,,,,
module_hightech_hangar,SHIP,四つの戦闘機ウィングを展開して近接ボリュームの戦闘に優位に立つことができる高度なハンガーモジュールです。専門化の哲学により、このモジュールには独自のシールドモジュールはありません; 全ステーション防御マトリックス内で機能するように設計されています。それでも、軽い軍艦を抑制するのに十分な指向エネルギー火力が搭載されています。戦闘機リコールデバイスを統合しており、これは元々アストラルクラスキャリアのために作られた専門システムです。,,,,,
module_hightech_attack,SHIP,高度なエネルギー兵器バッテリーで、この専門のステーション防御モジュールは長距離火力を提供します。全ステーション防御マトリックスの設計哲学により、シールドエミッターは含まれていません; これは、孤立した戦闘リアクターとフラックスグリッドが攻撃的な武器システムに完全に専念できることを意味します。,,,,,
module_hightech_armour,SHIP,全ステーション防御マトリックスの哲学の実用的な適用において発見された特定のギャップを埋めるために設計された巨大なルネットです。高度なプレーティングは、準結晶の異常な特性と3Dナノチューブメッシュを利用する洗練されたナノフォージ生産技術を必要とします。このハイテク材料科学は、代替品よりも低い質量と体積で同等の装甲保護を可能にしますが、利点は製造と組み立てプロセスの煩雑さによってやや相殺されます。このモジュールを構築し、戦闘ダメージを受けた後に交換部品を再統合するには、専門の技術者が必要です。,,,,,
module_hightech_citadel,SHIP,強力なシールド、高度な装甲、エネルギー兵器を備えた高度なシタデルです。このモジュールは、専門モジュール全ステーション防御マトリックス哲学の実用的な適用における特定のギャップを埋めるために設計されました。専用シールドモジュールのカバレッジを超えて拡張されるため、その独自のシールドジェネレーターは、パラゴンクラス戦艦に搭載された要塞シールドシステムの適応です。,,,,,
derelict_mothership_bow_module,SHIP,小型の装甲モジュールで、通常は小型のタレットを2つ搭載しており、小惑星防御や採掘に使用されます。シールドエミッターはありませんが、このユニットは専用のパワーフラックスサブシステムを備えているため、緊急電源障害が発生した場合でも母艦が無防備にならないようになっています。,,,,,
derelict_mothership_pod_engine_left,SHIP,独自のパワーフラックスサブシステムと小型の採掘およびインパクター防御タレットを備えた装甲エンジンポッドです。無数のサイクルにわたって、母艦が最も過酷な条件下でも運用できるように設計されています。,,,,,
derelict_mothership_pod_s_right,SHIP,独自のバックアップリアクターとフラックスグリッドを備えた小型ガンポッドです。タレットは一般的にインパクター防御に特化しています。,,,,,
derelict_mothership_pod_m_right,SHIP,通常、中型クラスの採掘ブラスターを搭載しており、母艦が追加の探査プローブを生産するために必要な材料をより効率的に収穫できるようにするガンポッドです。,,,,,
derelict_mothership_pod_m_left,SHIP,軽いインパクター対策武器と通常は中型クラスの採掘ブラスターを備えたガンポッドで、母艦が追加の探査プローブを生産するために必要な材料をより効率的に収穫できるようにします。,,,,,
derelict_mothership_sensor_mast,SHIP,探査母艦の前方センサーマストで、尊敬に値するインパクター対策タレットと採掘ブラスターを搭載しており、長距離調査の長期ミッションを支援するための材料収穫を助けます。火力は軽く、主に実用的ですが、カジュアルな海賊の略奪者を抑制します。,,,,,
remnant_armour3,SHIP,ハイテクナノフォージ材料技術を特徴とする装甲モジュールです。特異な美的マクロからナノスケールのフラクタル準結晶形態のシームレスな統合は、AI設計を示唆しています。,,,,,
remnant_weapon_platform1,SHIP,AI設計の先進的な武器プラットフォームです。内部のライフサポートボリュームはなく、メンテナンスドローン用のオープン真空アクセスチューブは人間の技術者には小さすぎます。特異な美的マクロからナノスケールのフラクタル準結晶形態のシームレスな統合を特徴としています。,,,,,
remnant_shield2,SHIP,強力なシールドを利用し、ミサイルや戦闘機を非人間的な効率で粉砕するデュアル・パラディンPDターレットを搭載した、高度なAI設計の防御モジュールです。独特の美的マクロからナノスケールのフラクタル準結晶形態がシームレスに統合されています。,,,,,
remnant_hangar1,SHIP,高度なAI設計の支援戦闘機ハンガーです。内部の戦闘機修理およびメンテナンス空間はほぼ真空状態に保たれ、生命維持や安全要件がないため、非人間的な効率に最適化されています。PDカバレッジは控えめで、防御ターレットはストライクファイターや機会を狙うフリゲートを抑制します。装甲は独特の美的マクロからナノスケールのフラクタル準結晶形態がシームレスに統合されています。,,,,,
remnant_weapon_platform2,SHIP,高度なAI設計の火力支援武器プラットフォームです。専用の戦闘発電機と、主力の大型エネルギー兵器バッテリーおよび二次的な中型エネルギーターレットを動かすことができる独立したフラックスグリッドを備えています。生命維持要件や居住可能な内部空間がないため、戦闘効率が向上します。装甲は独特の美的マクロからナノスケールのフラクタル準結晶形態がシームレスに統合されています。,,,,,
derelict_vambrace,CUSTOM,戦艦サイズの、規則的な角度を持つ幾何学的形状の構造物ですが、戦闘による損傷があります。主に鉄合金で構成されているようで、内部にアクティブな電源はありません。,,,,,
anubis,SHIP,"トライ・タキオン社が開発した珍しい実験プロトタイプであるアヌビス級船体は、物議を醸す新しいフラックスグリッドに統合された3つの大型エネルギーターレットからほぼ完全なアークカバレッジを持っています。この「フラックス管理の新しいパラダイム」は、未知の出所の時間操作技術と直接インターフェースされていると言われています。追加の武装には、前方に向いたユニバーサルハードポイントと戦闘機用バイが含まれています。アヌビスはフラックス性能が悪いため、強力なマルチロール戦術機能を果たすことができず、通常は護衛機能に relegated されており、驚くべきことにそこで優れています。

アヌビスプロジェクトの運営委員会は、できるだけ多くの部門からの支持を得ることに熱心で、新しいアプリケーションを利用してトライ・タキオンの画期的な技術の非常に広範なスイートから顧客の検証を求めました。プロジェクトは、その後、セキュリティを最大化し（監視を最小化するために）、いくつかの会社のブラックサイトで並行して運営されることになり、理解できる遅れた段階の妥協が生じました。マルチ機能製品が、より限定的な焦点を持つものよりも多くのユーザーセグメントをカバーすることが期待されました。広範なフィールドテストが確実に迅速な反復を可能にし、最終的には従来のタイムラインよりも早く製品の成熟につながると考えられていました。

そうはならなかったのです。経営陣の内部闘争は、次の財務サイクル中に特に動的な組織図をもたらしました。",,,,,
pseudoparticle_jet,WEAPON,"""もし私たちの粒子加速器がそれを実現できたら、それはまるで神の心を覗き見るようなものです。""","- インターセプト, [削除済み]",,,,
rift_lightning,WEAPON,"""そして怒りは雷のように降り注ぎ、その衝撃は信者全員と天の不信者全員に感じられました。皆がざわめき、近くでも遠くでも、皆が言いました『あなたは怒りの大声を聞かなかったのですか？』しかし、誰もその言葉を名付けることも、繰り返すこともできませんでした。""","- ルドの書, ビジョン 7:7",,,,
abyssal_glare,WEAPON,"""ガンマ線バーストが前例のない流れの放出に先立ちました... 我々は認めなければなりません、EMセンサーはプラズマシースを貫通できず、重力測定装置は... そう、もちろん。申し訳ありません。物理チームは、放出物が近cの帯電した物質-反物質準粒子の流れであり、現場で消滅していると推測しています... 制御された、あるいは半安定な渦の中で。バリオンの非対称性は、少なくとも異常です。""","- インターセプト, [削除済み]",,,,
inimical_emanation,WEAPON,"""バリオジェネシスの逆比率 - あるいは反バリオジェネシスと言うべきか - は、この装置のより挑発的な特性の一つです。しかし、管理者は評価された火力を考慮すると、その意味を理解することに消極的であると疑われます。""","- インターセプト, [削除済み]",,,,
assaying_rift,WEAPON,"""罪は罪を養い、悪は悪を養い、常に自らを肥やし続け、魂の何も残らなくなるまで。""","- 聖なる異端審問のアーカイブからの選択, ヘスペルス",,,,
vortex_launcher,WEAPON,"""現象を直接観察する危険のあるすべての指揮および戦術士官は、観察しないパートナーと共に任務を遂行することが求められます。いつ - もしそうなった場合 - メズメライズが現れると、観察しないパートナーは即座にリモートディスプレイの無効化を実行しなければなりません。この命令は、テクオプスが自動中断パッチを完了するまで有効です。""","- インターセプト, [削除済み]",,,,
